id,family_name,first_name,nameid,miscellaneous,submit_date
1,Moss,Joel,"Moss,Joel",,
3,Hiejima,Hiroyoshi,"Hiejima,Hiroyoshi",,
4,Alley,Gary,"Alley,Gary",,
5,Patwa,Abid,"Patwa,Abid",,
6,Newby,Jason,"Newby,Jason",,
7,Otterlund,Ingvar,"Otterlund,Ingvar",,
8,Simon-Gillo,Jehanne,"Simon-Gillo,Jehanne",,
9,Bauer,Frank,"Bauer,Frank",,
10,Roschin,Evgueni,"Roschin,Evgueni",,
11,Kawagishi,Takayuki,"Kawagishi,Takayuki",,
12,Ewell,Lars,"Ewell,Lars",,
13,Paffrath,Leo,"Paffrath,Leo",,
14,Witzig,Chris,"Witzig,Chris",,
15,Wallace,Judson,"Wallace,Judson",,
16,Clark,D,"Clark,D",,
17,Pendzick,Al,"Pendzick,Al",,
18,Oyama,Ken,"Oyama,Ken",,
19,Kuroki,Yoshiaki,"Kuroki,Yoshiaki",,
20,Baltz,Tony,"Baltz,Tony",,
21,Kelly,Sean,"Kelly,Sean",,
22,Etkin,A,"Etkin,A",,
23,Cobigo,Yann,"Cobigo,Yann",,
24,Ghosh,Tarun,"Ghosh,Tarun",,
25,Richardson,Gary,"Richardson,Gary",,
26,Matsumoto,Takashi,"Matsumoto,Takashi",,
27,Camard,Xavier,"Camard,Xavier",,
28,Fried,Jack,"Fried,Jack",,
30,Peitzmann,Thomas,"Peitzmann,Thomas",,
31,Hu,Shouyang,"Hu,Shouyang",,
32,Onuchin,Victor,"Onuchin,Victor",,
33,Velkovsky,Momchil,"Velkovsky,Momchil",,
34,Harvey,A,"Harvey,A",,
35,Sangster,Craig,"Sangster,Craig",,
36,Makeev,A,"Makeev,A",,
37,Schukraft,Juergen,"Schukraft,Juergen",,
38,Sauerwald,A,"Sauerwald,A",,
39,Shajii,A,"Shajii,A",,
40,Usachev,A,"Usachev,A",,
41,Voronin,A,"Voronin,A",,
42,Shiva,Kumar,"Shiva,Kumar",,
43,Adler,Steve,"Adler,Steve",,
44,Wohn,Fred,"Wohn,Fred",,
45,Yokosawa,A,"Yokosawa,A",,
46,Morgan,Alison,"Morgan,Alison",,
47,Throwe,Jane,"Throwe,Jane",,
48,Levis,B,"Levis,B",,
49,Rawool-Sullivan,B,"Rawool-Sullivan,B",,
1584,Cernak,Robert,"Cernak,Robert",,2014-04-09 14:50:13.49415
51,Chikanian,Alexei,"Chikanian,Alexei",,
52,Potter,C,"Potter,C",,
53,Prokop,C,"Prokop,C",,
54,Sifuentes,C,"Sifuentes,C",,
55,Knapp,Chauncey,"Knapp,Chauncey",,
1585,Xu,Chen,"Xu,Chen",,2014-04-25 07:41:29.115321
57,Groups,D,"Groups,D",,
59,Ashton-Bosze,E,"Ashton-Bosze,E",,
60,Barasch,E,"Barasch,E",,
63,Kennedy,E,"Kennedy,E",,
64,Ciccarelli,G,"Ciccarelli,G",,
1587,Zhou,Mingliang,"Zhou,Mingliang",,2014-04-29 11:31:24.298304
66,James,G,"James,G",,
67,Rankowitz,Seymour,"Rankowitz,Seymour",,
68,Mark,Tommy,"Mark,Tommy",,
69,Bennett,Michael,"Bennett,Michael",,
70,Muniruzzaman,Mohammed,"Muniruzzaman,Mohammed",,
71,Johnson,Stephen,"Johnson,Stephen",,
72,Petitt,Gus,"Petitt,Gus",,
73,Dix,R,"Dix,R",,
74,Xiang,H,"Xiang,H",,
75,Filimonov,I,"Filimonov,I",,
76,Naumov,I,"Naumov,I",,
78,Tokyo,I,"Tokyo,I",,
79,Bernardin,J,"Bernardin,J",,
80,Cintorino,J,"Cintorino,J",,
81,Friedberg,J,"Friedberg,J",,
82,Hoff,J,"Hoff,J",,
83,Kurfess,J,"Kurfess,J",,
85,Mills,J,"Mills,J",,
87,Walker,J,"Walker,J",,
88,Negrin,Jacques,"Negrin,Jacques",,
89,Soffer,Jacques,"Soffer,Jacques",,
90,Lock,Jennifer,"Lock,Jennifer",,
91,Bowers,Joel,"Bowers,Joel",,
93,Drummond,K,"Drummond,K",,
1588,Kitamura,Ryo,"Kitamura,Ryo",,2014-05-01 10:25:16.397947
95,Clonts,L,"Clonts,L",,
96,Parietti,L,"Parietti,L",,
97,Guryn,Wlodek,"Guryn,Wlodek",,
98,Chasman,Chellis,"Chasman,Chellis",,
99,Gordon,Howard,"Gordon,Howard",,
101,Posey,L,"Posey,L",,
102,Allen,M,"Allen,M",,
103,Frank,Shane,"Frank,Shane",,
104,Riabov,Victor,"Riabov,Victor",,
105,Sullivan,John,"Sullivan,John",,
106,Shiina,Toshiyuki,"Shiina,Toshiyuki",,
107,Zong,Xiaopeng,"Zong,Xiaopeng",,
108,Harvey,Mark,"Harvey,Mark",,
109,Nakada,Yoko,"Nakada,Yoko",,
110,Kandasamy,Anand,"Kandasamy,Anand",,
111,Thomas,Jennifer,"Thomas,Jennifer",,
112,Nilsson,Paul,"Nilsson,Paul",,
113,Volkov,Maxim,"Volkov,Maxim",,
114,Ojha,Indrani,"Ojha,Indrani",,
115,Ohnishi,Hiroaki,"Ohnishi,Hiroaki",,
117,Leckey,Sean,"Leckey,Sean",,
118,Pancake,Chuck,"Pancake,Chuck",,
119,Melnikov,Eugene,"Melnikov,Eugene",,
120,Ferdousi,Tahsina,"Ferdousi,Tahsina",,
121,Sugita,Noriuki,"Sugita,Noriuki",,
122,Mioduszewski,Saskia,"Mioduszewski,Saskia",,
123,Bryan,William,"Bryan,William",,
124,Khachaturov,Boris,"Khachaturov,Boris",,
125,Lauret,Jerome,"Lauret,Jerome",,
126,Parakkat,Treasa,"Parakkat,Treasa",,
127,Salomone,S,"Salomone,S",,
128,Shaheen,S,"Shaheen,S",,
129,Stall,S,"Stall,S",,
130,Gavin,Sean,"Gavin,Sean",,
131,Bone,Steve,"Bone,Steve",,
132,Radeka,Vel,"Radeka,Vel",,
133,Kozlowski,T,"Kozlowski,T",,
134,Roser,Thomas,"Roser,Thomas",,
61,Bosze,Eric,"Bosze,Eric",,
92,Carney,Keith,"Carney,Keith",,
84,Mead,Joe,"Mead,Joe",,
135,Moore,J,"Moore,J",,
116,Tsuruoka,Hiroshi,"Tsuruoka,Hiroshi",,
136,Strikman,Mark,"Strikman,Mark",,
137,Sippach,Bill,"Sippach,Bill",,
100,Jaffe,David,"Jaffe,David",,
86,Rubin,Joshua,"Rubin,Joshua",,
58,Martin,Dick,"Martin,Dick",,
56,Anderson,Dave,"Anderson,Dave",,
138,Thompson,T,"Thompson,T",,
139,Nagata,Yoshihiko,"Nagata,Yoshihiko",,
140,Gupta,S,"Gupta,S",,
141,Botelho,Suzannah,"Botelho,Suzannah",,
142,Pantuev,Vlad,"Pantuev,Vlad",,
143,Heuser,Johann,"Heuser,Johann",,
144,Amirikas,Ramila,"Amirikas,Ramila",,
145,Hahn,Sangkoo,"Hahn,Sangkoo",,
146,Shea,Thomas,"Shea,Thomas",,
147,Eyser,Oleg,"Eyser,Oleg",,
148,Kroon,Pete,"Kroon,Pete",,
149,Sato,Hiroki,"Sato,Hiroki",,
150,Merkin,Mikhail,"Merkin,Mikhail",,
151,Marx,Michael,"Marx,Michael",,
153,Emery,Michael,"Emery,Michael",,
154,Ippolitov,Mikhail,"Ippolitov,Mikhail",,
155,Aronson,Sam,"Aronson,Sam",,
156,Kanou,Hiroyuki,"Kanou,Hiroyuki",,
157,Marek,Larry,"Marek,Larry",,
158,Ryu,SangSu,"Ryu,SangSu",,
159,Plasil,Frank,"Plasil,Frank",,
160,Pollack,Michael,"Pollack,Michael",,
161,Chang,James,"Chang,James",,
162,Ikonnikov,Victor,"Ikonnikov,Victor",,
163,Nystrand,Joakim,"Nystrand,Joakim",,
164,Kawabata,Takahiro,"Kawabata,Takahiro",,
165,Holmes,Martha,"Holmes,Martha",,
166,Garpman,Sten,"Garpman,Sten",,
167,Blackburn,John,"Blackburn,John",,
168,Wintenberg,Alan,"Wintenberg,Alan",,
169,Natoli,Tyler,"Natoli,Tyler",,
170,Harder,Joe,"Harder,Joe",,
171,Rose,Andrew,"Rose,Andrew",,
172,Suzuki,Miwako,"Suzuki,Miwako",,
173,Coley,Doug,"Coley,Doug",,
174,Durant,Simon,"Durant,Simon",,
175,Sako,Hiroki,"Sako,Hiroki",,
176,Chen,M,"Chen,M",,
177,Villatte,Laurence,"Villatte,Laurence",,
178,Miller,M,"Miller,M",,
179,Musrock,M,"Musrock,M",,
1582,Hamilton,Hannah,"Hamilton,Hannah",,2014-03-20 11:07:24.731679
182,Sirchia,M,"Sirchia,M",,
183,Libkind,Marcus,"Libkind,Marcus",,
184,Beddo,Mike,"Beddo,Mike",,
186,Lockyer,N,"Lockyer,N",,
187,Skvorodnev,N,"Skvorodnev,N",,
188,Keyser,O,"Keyser,O",,
189,Bailey,P,"Bailey,P",,
190,Vogt,Ramona,"Vogt,Ramona",,
191,Maia,P,"Maia,P",,
192,Christopher Potter,R,"Christopher Potter,R",,
193,Conway,R,"Conway,R",,
194,Cope,R,"Cope,R",,
195,Cunningham,R,"Cunningham,R",,
196,Jayakumar,R,"Jayakumar,R",,
197,Jones,R,"Jones,R",,
198,Kinzer,R,"Kinzer,R",,
199,Kroeger,R,"Kroeger,R",,
200,Lind,R,"Lind,R",,
201,Ponchione,R,"Ponchione,R",,
202,Smith,R,"Smith,R",,
203,Yarema,R,"Yarema,R",,
204,Jaffe,Robert,"Jaffe,Robert",,
205,Ball,S,"Ball,S",,
206,Chernichenkov,S,"Chernichenkov,S",,
207,Xu,Nu,"Xu,Nu",,
208,Inderhees,S,"Inderhees,S",,
209,Kane,S,"Kane,S",,
210,Rescia,S,"Rescia,S",,
1586,Lee,Sangmin,"Lee,Sangmin",,2014-04-25 07:55:28.737059
212,Tsang,T,"Tsang,T",,
213,Vercelli,T,"Vercelli,T",,
214,Zimmerman,T,"Zimmerman,T",,
215,Nayak,Tapan,"Nayak,Tapan",,
216,Goerlach,U,"Goerlach,U",,
217,Heinz,U,"Heinz,U",,
218,Korotkov,V,"Korotkov,V",,
219,Tonse,Shaheen,"Tonse,Shaheen",,
220,Vogelsang,Werner,"Vogelsang,Werner",,
221,Ruuskanen,V,"Ruuskanen,V",,
222,Shelikhov,V,"Shelikhov,V",,
223,Collier,W,"Collier,W",,
224,Fung,W,"Fung,W",,
225,Greiner,W,"Greiner,W",,
226,Johnson,W,"Johnson,W",,
227,Stoeffl,W,"Stoeffl,W",,
228,Stokes,W,"Stokes,W",,
229,Gilitzky,Y,"Gilitzky,Y",,
230,Gutnikov,Y,"Gutnikov,Y",,
231,Severgin,Y,"Severgin,Y",,
232,Takahashi,Y,"Takahashi,Y",,
233,Viyogi,Y,"Viyogi,Y",,
234,Kohama,Takeshi,"Kohama,Takeshi",,
235,Carey,Tom,"Carey,Tom",,
236,Bae,J,"Bae,J",,
237,Moukhanova,Tatiana,"Moukhanova,Tatiana",,
1635,Li,Xuan,"Li,Xuan",,2015-08-18 18:22:39.319605
239,Cussonneau,Jean-Pierre,"Cussonneau,Jean-Pierre",,
852,Conesa del Valle,Zaida,"Conesa_del_Valle,Zaida",,
241,Armijo,V,"Armijo,V",,
242,Toto,J,"Toto,J",,
244,Senzaka,K,"Senzaka,K",,
247,Alvioli,M,"Alvioli,M",,
248,Mucia,Nick,"Mucia,Nick",,
249,Ohia,Obioma,"Ohia,Obioma",,
250,Kaufman,M,"Kaufman,M",,
251,Liang,Yuetie,"Liang,Yuetie",,
252,Shindo,M,"Shindo,M",,
253,Mendenhall,Michael,"Mendenhall,Michael",,
254,Milan,Jerome,"Milan,Jerome",,
1589,Danley,Tyler,"Danley,Tyler",,2014-05-03 10:02:18.125463
256,Luechtenborg,Robert,"Luechtenborg,Robert",,
257,Bruner,Nicki,"Bruner,Nicki",,
258,Edgemir,Jamil,"Edgemir,Jamil",,
259,Soldatov,S,"Soldatov,S",,
260,Hanger,Valerie,"Hanger,Valerie",,
261,Soichiro,T,"Soichiro,T",,
262,Vissonneau,T,"Vissonneau,T",,
263,Burward-Hoy,Jane,"Burward-Hoy,Jane",,
264,Nishimura,Shunji,"Nishimura,Shunji",,
265,Ono,Masaya,"Ono,Masaya",,
266,Kato,Koichi,"Kato,Koichi",,
267,Ye,W,"Ye,W",,
268,Kehoe,Walter,"Kehoe,Walter",,
269,Ludlam,Tom,"Ludlam,Tom",,
270,Janovich,A,"Janovich,A",,
271,Hoover,Andrew,"Hoover,Andrew",,
272,Brown,David,"Brown,David",,
185,Ericson,Nance,"Ericson,Nance",,
181,Simpson,Michael,"Simpson,Michael",,
245,Skjerdal,Kyrre,"Skjerdal,Kyrre",,
275,Hansen,Allan,"Hansen,Allan",,
276,Al-Jamel,Ahmed,"Al-Jamel,Ahmed",,
246,Veszpremi,Viktor,"Veszpremi,Viktor",,
277,Finck,Christian,"Finck,Christian",,
278,Forestier,Benoit,"Forestier,Benoit",,
279,Chang,Beomsoo,"Chang,Beomsoo",,
280,Fox,Brendan,"Fox,Brendan",,
281,Ferrara,Davon,"Ferrara,Davon",,
282,Mishra,Gobinda,"Mishra,Gobinda",,
283,Peressounko,Dmitri,"Peressounko,Dmitri",,
284,Al-Taani,Hussein,"Al-Taani,Hussein",,
285,Al-Bataineh,Hisham,"Al-Bataineh,Hisham",,
1583,Towell,Cecily,"Towell,Cecily",,2014-03-20 11:08:53.86539
287,Messer,Federica,"Messer,Federica",,
288,Koo,Heonsoo,"Koo,Heonsoo",,
1636,Mitsuka,Gaku,"Mitsuka,Gaku",,2015-08-23 21:37:50.116703
290,Martinez,Gines,"Martinez,Gines",,
291,Sleege,Gary,"Sleege,Gary",,
292,Gastineau,Fabrice,"Gastineau,Fabrice",,
293,Lim,DongJin,"Lim,DongJin",,
294,Northacker,David,"Northacker,David",,
296,Walter,D,"Walter,D",,
297,Jones,E,"Jones,E",,
299,Tuttle,G,"Tuttle,G",,
300,Shin,Yun-Ha,"Shin,Yun-Ha",,
301,Schutz,Yves,"Schutz,Yves",,
302,Zhang,Zhou,"Zhang,Zhou",,
303,Adare,Andrew,"Adare,Andrew",,
304,Aidala,Christine,"Aidala,Christine",,
305,Ajitanand,Nuggehalli,"Ajitanand,Nuggehalli",,
306,Akiba,Yasuyuki,"Akiba,Yasuyuki",,
1590,Barber,McKenzie,"Barber,McKenzie",,2014-05-08 15:47:29.66775
308,Alexander,John,"Alexander,John",,
309,Aoki,Kazuya,"Aoki,Kazuya",,
310,Aphecetche,Laurent,"Aphecetche,Laurent",,
311,Armendariz,Raul,"Armendariz,Raul",,
312,Asai,Junkichi,"Asai,Junkichi",,
313,Averbeck,Ralf,"Averbeck,Ralf",,
314,Awes,Terry,"Awes,Terry",,
315,Babintsev,Vladimir,"Babintsev,Vladimir",,
316,Baksay,Gyongyi,"Baksay,Gyongyi",,
317,Baksay,Laszlo,"Baksay,Laszlo",,
318,Baldisseri,Alberto,"Baldisseri,Alberto",,
319,Barish,Kenneth,"Barish,Kenneth",,
320,Barnes,Peter,"Barnes,Peter",,
321,Bassalleck,Bernd,"Bassalleck,Bernd",,
322,Bathe,Stefan,"Bathe,Stefan",,
323,Batsouli,Sotiria,"Batsouli,Sotiria",,
324,Baublis,Victor,"Baublis,Victor",,
325,Baumann,Christoph,"Baumann,Christoph",,
326,Basye,Austin,"Basye,Austin",,
327,Bazilevsky,Alexander,"Bazilevsky,Alexander",,
328,Belikov,Sergey,"Belikov,Sergey",,
329,Bennett,Robert,"Bennett,Robert",,
330,Berdnikov,Yaroslav,"Berdnikov,Yaroslav",,
331,Bickley,Abigail,"Bickley,Abigail",,
332,Boissevain,Jan,"Boissevain,Jan",,
333,Borel,Herve,"Borel,Herve",,
334,Boyle,Kieran,"Boyle,Kieran",,
335,Brooks,Melynda,"Brooks,Melynda",,
336,Buesching,Henner,"Buesching,Henner",,
337,Bumazhnov,Vladimir,"Bumazhnov,Vladimir",,
338,Bunce,Gerry,"Bunce,Gerry",,
339,Butsyk,Sergey,"Butsyk,Sergey",,
340,Campbell,Sarah,"Campbell,Sarah",,
341,Chang,Wen-Chen,"Chang,Wen-Chen",,
342,Charvet,Jean-Luc,"Charvet,Jean-Luc",,
343,Chi,Cheng-Yi,"Chi,Cheng-Yi",,
344,Chiba,Junsei,"Chiba,Junsei",,
345,Chiu,Mickey,"Chiu,Mickey",,
346,Choudhury,Rajanikant,"Choudhury,Rajanikant",,
347,Chujo,Tatsuya,"Chujo,Tatsuya",,
348,Churin,Andrey,"Churin,Andrey",,
349,Citron,Zvi,"Citron,Zvi",,
350,Cleven,Christopher,"Cleven,Christopher",,
351,Cole,Brian,"Cole,Brian",,
352,Constantin,Paul,"Constantin,Paul",,
355,Dahms,Torsten,"Dahms,Torsten",,
356,Das,Kushal,"Das,Kushal",,
357,David,Gabor,"David,Gabor",,
358,Dehmelt,Klaus,"Dehmelt,Klaus",,
359,Denisov,Alexei,"Denisov,Alexei",,
360,Deshpande,Abhay,"Deshpande,Abhay",,
361,Dietzsch,Olacio,"Dietzsch,Olacio",,
362,Dion,Alan,"Dion,Alan",,
363,Donadelli,Marisilvia,"Donadelli,Marisilvia",,
364,Drapier,Olivier,"Drapier,Olivier",,
365,Drees,Axel,"Drees,Axel",,
366,Durum,Arthur,"Durum,Arthur",,
367,Dzhordzhadze,Vasily,"Dzhordzhadze,Vasily",,
368,Efremenko,Yuri,"Efremenko,Yuri",,
369,Egdemir,Jamil,"Egdemir,Jamil",,
370,Ellinghaus,Frank,"Ellinghaus,Frank",,
371,Emam,Waled,"Emam,Waled",,
372,Engelmore,Tatia,"Engelmore,Tatia",,
373,Enokizono,Akitomo,"Enokizono,Akitomo",,
374,Enyo,Hideto,"Enyo,Hideto",,
375,Fadem,Brett,"Fadem,Brett",,
376,Fields,Doug,"Fields,Doug",,
377,Finger,Michael,"Finger,Michael",,
378,Finger,Miroslav,"Finger,Miroslav",,
379,Fleuret,Frederic,"Fleuret,Frederic",,
380,Fraenkel,Zeev,"Fraenkel,Zeev",,
381,Frantz,Justin,"Frantz,Justin",,
382,Franz,Achim,"Franz,Achim",,
383,Frawley,Anthony,"Frawley,Anthony",,
384,Fujiwara,Kohei,"Fujiwara,Kohei",,
385,Fukao,Yoshinori,"Fukao,Yoshinori",,
386,Fusayasu,Takahiro,"Fusayasu,Takahiro",,
387,Gadrat,Sebastien,"Gadrat,Sebastien",,
388,Garishvili,Irakli,"Garishvili,Irakli",,
389,Glenn,Andrew,"Glenn,Andrew",,
390,Gong,Haijiang,"Gong,Haijiang",,
391,Gonin,Michel,"Gonin,Michel",,
392,Gosset,Jean,"Gosset,Jean",,
393,Goto,Yuji,"Goto,Yuji",,
394,Grau,Nathan,"Grau,Nathan",,
395,Gunji,Taku,"Gunji,Taku",,
396,Gustafsson,Hans-Ake,"Gustafsson,Hans-Ake",,
397,Haegemann,Christina,"Haegemann,Christina",,
398,Haggerty,John,"Haggerty,John",,
399,Hamagaki,Hideki,"Hamagaki,Hideki",,
400,Han,Ran,"Han,Ran",,
401,Hartouni,Ed,"Hartouni,Ed",,
402,Haruna,Kohta,"Haruna,Kohta",,
403,Haslum,Eva,"Haslum,Eva",,
404,He,Xiaochun,"He,Xiaochun",,
354,Csorgo,Tamas,"Csorgo,Tamas",,
405,Hester,Tim,"Hester,Tim",,
406,Hill,John,"Hill,John",,
407,Hobbs,Robert,"Hobbs,Robert",,
408,Hohlmann,Marcus,"Hohlmann,Marcus",,
409,Homma,Kensuke,"Homma,Kensuke",,
410,Hong,Byungsik,"Hong,Byungsik",,
411,Horaguchi,Takuma,"Horaguchi,Takuma",,
412,Hornback,Donald,"Hornback,Donald",,
413,Hyde-Wright,Charles,"Hyde-Wright,Charles",,
414,Saito,Naohito,"Saito,Naohito",,
415,Ichihara,Takashi,"Ichihara,Takashi",,
416,Ikeda,Yoshimasa,"Ikeda,Yoshimasa",,
417,Imai,Ken,"Imai,Ken",,
418,Imrek,Jozsef,"Imrek,Jozsef",,
419,Inaba,Motoi,"Inaba,Motoi",,
420,Inoue,Yasuyoshi,"Inoue,Yasuyoshi",,
421,Isenhower,Larry,"Isenhower,Larry",,
422,Isobe,Tadaaki,"Isobe,Tadaaki",,
423,Issah,Michael,"Issah,Michael",,
424,Jacak,Barbara,"Jacak,Barbara",,
425,Jia,Jiangyong,"Jia,Jiangyong",,
426,Jin,Jiamin,"Jin,Jiamin",,
427,Johnson,Brant,"Johnson,Brant",,
428,Jouan,Denis,"Jouan,Denis",,
429,Kajihara,Fukutaro,"Kajihara,Fukutaro",,
430,Kamin,Jason,"Kamin,Jason",,
431,Kaneta,Masashi,"Kaneta,Masashi",,
432,Kano,Hiroyuki,"Kano,Hiroyuki",,
433,Kanoh,Hiroki,"Kanoh,Hiroki",,
434,Kawall,David,"Kawall,David",,
435,Khanzadeev,Alexei,"Khanzadeev,Alexei",,
436,Kikuchi,Jun,"Kikuchi,Jun",,
437,Kim,Ealgoo,"Kim,Ealgoo",,
438,Kim,Yu-Seok,"Kim,Yu-Seok",,
439,Kinney,Edward,"Kinney,Edward",,
440,Kino,Koichi,"Kino,Koichi",,
441,Kistenev,Edward,"Kistenev,Edward",,
442,Kiyomichi,Akio,"Kiyomichi,Akio",,
443,Klay,Jennifer,"Klay,Jennifer",,
444,Klein-Boesing,Christian,"Klein-Boesing,Christian",,
445,Konno,Masahiro,"Konno,Masahiro",,
446,Koster,John,"Koster,John",,
447,Kozlov,Alex,"Kozlov,Alex",,
1638,Loggins,Vera,"Loggins,Vera",,2015-09-11 15:21:46.150913
449,Kravitz,Alan,"Kravitz,Alan",,
450,Kubart,Jiri,"Kubart,Jiri",,
451,Kunde,Gerd,"Kunde,Gerd",,
452,Kurihara,Narumi,"Kurihara,Narumi",,
453,Kurita,Kazuyoshi,"Kurita,Kazuyoshi",,
454,Kwon,Youngil,"Kwon,Youngil",,
455,Kyle,Gary,"Kyle,Gary",,
456,Lacey,Roy,"Lacey,Roy",,
457,Lajoie,John,"Lajoie,John",,
458,Lebedev,Alexandre,"Lebedev,Alexandre",,
459,Lee,David,"Lee,David",,
460,Lee,Taeyeon,"Lee,Taeyeon",,
461,Lenzi,Bruno,"Lenzi,Bruno",,
462,Li,Xiaomei,"Li,Xiaomei",,
463,Liska,Tomas,"Liska,Tomas",,
464,Liu,Han,"Liu,Han",,
465,Liu,Ming,"Liu,Ming",,
466,Love,Brian,"Love,Brian",,
467,Lynch,Don,"Lynch,Don",,
468,Maguire,Charles,"Maguire,Charles",,
469,Makdisi,Yousef,"Makdisi,Yousef",,
470,Manko,Vladislav,"Manko,Vladislav",,
471,Mao,Yajun,"Mao,Yajun",,
472,Masek,Lukas,"Masek,Lukas",,
473,Masui,Hiroshi,"Masui,Hiroshi",,
474,McGaughey,Patrick,"McGaughey,Patrick",,
475,Means,Nathan,"Means,Nathan",,
476,Meredith,Beau,"Meredith,Beau",,
477,Mikes,Petr,"Mikes,Petr",,
478,Miki,Kentaro,"Miki,Kentaro",,
1591,LeVan,Michael,"LeVan,Michael",,2014-05-13 13:25:38.736941
480,Mitchell,Jeffery,"Mitchell,Jeffery",,
481,Mitrovski,Michael,"Mitrovski,Michael",,
482,Morreale,Astrid,"Morreale,Astrid",,
483,Mukhopadhyay,Debsankar,"Mukhopadhyay,Debsankar",,
484,Murata,Jiro,"Murata,Jiro",,
485,Nagle,James,"Nagle,James",,
486,Naglis,Maxim,"Naglis,Maxim",,
487,Nagy,Marton,"Nagy,Marton",,
488,Nakagawa,Itaru,"Nakagawa,Itaru",,
489,Nakamiya,Yoshihide,"Nakamiya,Yoshihide",,
490,Nakamura,Tomoaki,"Nakamura,Tomoaki",,
491,Nakano,Kenichi,"Nakano,Kenichi",,
492,Nguyen,Matthew,"Nguyen,Matthew",,
493,Nyanin,Alexander,"Nyanin,Alexander",,
494,Oda,Susumu,"Oda,Susumu",,
495,Ogilvie,Craig,"Ogilvie,Craig",,
496,Oka,Masaya,"Oka,Masaya",,
497,Iinuma,Hiromi,"Iinuma,Hiromi",,
498,Onuki,Yoshiyuki,"Onuki,Yoshiyuki",,
499,Oskarsson,Anders,"Oskarsson,Anders",,
500,Ouchida,Misaki,"Ouchida,Misaki",,
501,Ozawa,Kyoichiro,"Ozawa,Kyoichiro",,
502,Pal,Dipali,"Pal,Dipali",,
503,Palounek,Andrea,"Palounek,Andrea",,
504,Papavassiliou,Vassili,"Papavassiliou,Vassili",,
505,Pate,Stephen,"Pate,Stephen",,
506,Pei,Hua,"Pei,Hua",,
507,Peresedov,Valery,"Peresedov,Valery",,
508,Pinkenburg,Chris,"Pinkenburg,Chris",,
509,Pisani,Robert,"Pisani,Robert",,
510,Purschke,Martin,"Purschke,Martin",,
511,Purwar,Anuj,"Purwar,Anuj",,
512,Qu,Hai,"Qu,Hai",,
513,Rak,Jan,"Rak,Jan",,
514,Rakotozafindrabe,Andry,"Rakotozafindrabe,Andry",,
515,Ravinovich,Ilia,"Ravinovich,Ilia",,
516,Read,Ken,"Read,Ken",,
517,Rembeczki,Szabolcs,"Rembeczki,Szabolcs",,
518,Reuter,Michael,"Reuter,Michael",,
519,Reygers,Klaus,"Reygers,Klaus",,
520,Riabov,Yuri,"Riabov,Yuri",,
521,Roche,Guy,"Roche,Guy",,
522,Rosati,Marzia,"Rosati,Marzia",,
523,Rosendahl,Sarah,"Rosendahl,Sarah",,
524,Rosnet,Philippe,"Rosnet,Philippe",,
525,Rukoyatkin,Pavel,"Rukoyatkin,Pavel",,
526,Ruzicka,Pavel,"Ruzicka,Pavel",,
527,Rykov,Vladimir,"Rykov,Vladimir",,
528,Sahlmueller,Baldo,"Sahlmueller,Baldo",,
529,Sakaguchi,Takao,"Sakaguchi,Takao",,
530,Sakai,Shingo,"Sakai,Shingo",,
531,Sakata,Hirokazu,"Sakata,Hirokazu",,
532,Samsonov,Vladimir,"Samsonov,Vladimir",,
533,Sato,Susumu,"Sato,Susumu",,
534,Sato,Takanori,"Sato,Takanori",,
535,Sawada,Shinya,"Sawada,Shinya",,
536,Sedgwick,Ken,"Sedgwick,Ken",,
537,Seele,Joseph,"Seele,Joseph",,
538,Seidl,Ralf,"Seidl,Ralf",,
539,Seto,Richard,"Seto,Richard",,
540,Sharma,Deepali,"Sharma,Deepali",,
541,Shein,Igor,"Shein,Igor",,
542,Shevel,Andrei,"Shevel,Andrei",,
543,Shibata,Toshi-Aki,"Shibata,Toshi-Aki",,
544,Shigaki,Kenta,"Shigaki,Kenta",,
545,Shimomura,Maya,"Shimomura,Maya",,
546,Shoji,Kohei,"Shoji,Kohei",,
547,Silvermyr,David,"Silvermyr,David",,
548,Silvestre,Catherine,"Silvestre,Catherine",,
549,Singh,Venktesh,"Singh,Venktesh",,
550,Slunecka,Miloslav,"Slunecka,Miloslav",,
551,Soltz,Ron,"Soltz,Ron",,
552,Sondheim,Walt,"Sondheim,Walt",,
553,Sorensen,Soren,"Sorensen,Soren",,
554,Sourikova,Irina,"Sourikova,Irina",,
555,Stankus,Paul,"Stankus,Paul",,
556,Stenlund,Evert,"Stenlund,Evert",,
557,Stepanov,Mikhail,"Stepanov,Mikhail",,
558,Ster,Andras,"Ster,Andras",,
559,Stoll,Sean,"Stoll,Sean",,
560,Sugitate,Toru,"Sugitate,Toru",,
561,Suire,Christophe,"Suire,Christophe",,
562,Sziklai,Janos,"Sziklai,Janos",,
563,Tabaru,Tsuguchika,"Tabaru,Tsuguchika",,
564,Taketani,Atsushi,"Taketani,Atsushi",,
565,Tanabe,Rei,"Tanabe,Rei",,
566,Tanaka,Yoshito,"Tanaka,Yoshito",,
567,Tanida,Kiyoshi,"Tanida,Kiyoshi",,
1637,Andrieux,Vincent,"Andrieux,Vincent",,2015-09-10 18:58:19.351311
569,Themann,Harry,"Themann,Harry",,
570,Thomas,Timothy,"Thomas,Timothy",,
571,Togawa,Manabu,"Togawa,Manabu",,
572,Toia,Alberica,"Toia,Alberica",,
573,Tojo,Junji,"Tojo,Junji",,
575,Torii,Hisayuki,"Torii,Hisayuki",,
576,Towell,Rusty,"Towell,Rusty",,
577,Tserruya,Itzhak,"Tserruya,Itzhak",,
578,Tsuchimoto,Yuji,"Tsuchimoto,Yuji",,
579,Vale,Carla,"Vale,Carla",,
580,Valle,Hugo,"Valle,Hugo",,
581,Veicht,Aaron,"Veicht,Aaron",,
582,Velkovska,Julia,"Velkovska,Julia",,
584,Virius,Miroslav,"Virius,Miroslav",,
585,Vrba,Vaclav,"Vrba,Vaclav",,
586,Wang,Xiaorong,"Wang,Xiaorong",,
587,Watanabe,Yasushi,"Watanabe,Yasushi",,
588,Wei,Feng,"Wei,Feng",,
589,White,Sebastian,"White,Sebastian",,
590,Williamson,Steve,"Williamson,Steve",,
591,Winter,David,"Winter,David",,
592,Woody,Craig,"Woody,Craig",,
593,Wysocki,Matt,"Wysocki,Matt",,
594,Yamaguchi,Yorito,"Yamaguchi,Yorito",,
595,Yamaura,Kazuhisa,"Yamaura,Kazuhisa",,
596,Yanovich,Andrey,"Yanovich,Andrey",,
597,Yasin,Zafar,"Yasin,Zafar",,
598,Ying,Jun,"Ying,Jun",,
599,Yokkaichi,Satoshi,"Yokkaichi,Satoshi",,
600,Young,Glenn,"Young,Glenn",,
601,Younus,Imran,"Younus,Imran",,
602,Yushmanov,Igor,"Yushmanov,Igor",,
603,Zajc,William,"Zajc,William",,
604,Zaudtke,Oliver,"Zaudtke,Oliver",,
605,Zhang,Chun,"Zhang,Chun",,
607,Zolin,Leonid,"Zolin,Leonid",,
608,Boose,Stephen,"Boose,Stephen",,
609,Desmond,Edmond,"Desmond,Edmond",,
610,Giannotti,Paul,"Giannotti,Paul",,
611,Inguanta,Rachel,"Inguanta,Rachel",,
612,Jones,Ken,"Jones,Ken",,
613,Kehayias,Hyon-Joo,"Kehayias,Hyon-Joo",,
614,Lenz,Michael,"Lenz,Michael",,
615,Lenz,William,"Lenz,William",,
616,Marino,Salvatore,"Marino,Salvatore",,
617,Morrison,Dave,"Morrison,Dave",,
618,O'Brien,Edward,"OBrien,Ed",,
619,Tannenbaum,Mike,"Tannenbaum,Mike",,
620,Toldo,Frank,"Toldo,Frank",,
621,Tradeski,John,"Tradeski,John",,
622,Peng,Jen-Chieh,"Peng,Jen-Chieh",,
623,Holzmann,Wolf Gerrit,"Holzmann,Wolf_Gerrit",,
624,D'Enterria,David,"DEnterria,David",,
625,Isenhower,Donald,"Isenhower,Donald",,
626,Morino,Yuhei,"Morino,Yuhei",,
627,Dubey,Anand Kumar,"Dubey,Anand_Kumar",,
628,Afanasiev,Sergey,"Afanasiev,Sergey",,
630,Chai,Jong-Seo,"Chai,Jong-Seo",,
631,Choi,IhnJea,"Choi,IhnJea",,
632,Delagrange,Hugues,"Delagrange,Hugues",,
633,Esumi,ShinIchi,"Esumi,ShinIchi",,
1619,Majoros,Tamas,"Majoros,Tamas",,2015-02-20 10:10:59.746503
635,Heffner,Mike,"Heffner,Mike",,
636,Hemmick,Tom,"Hemmick,Tom",,
637,Huang,Shengli,"Huang,Shengli",,
638,Hur,MinGoo,"Hur,MinGoo",,
639,Isupov,Alexander,"Isupov,Alexander",,
640,Bai,Mei,"Bai,Mei",,
642,Kazantsev,Andrey,"Kazantsev,Andrey",,
643,Kim,Byungil,"Kim,Byungil",,
644,Kim,Do_Hyun,"Kim,Do_Hyun",,
645,Kim,DongJo,"Kim,DongJo",,
646,Kweon,MinJung,"Kweon,MinJung",,
648,Lee,KwangBok,"Lee,KwangBok",,
649,Lee,MinKyung,"Lee,MinKyung",,
650,Leitch,Mike,"Leitch,Mike",,
651,Litvinenko,Anatoly,"Litvinenko,Anatoly",,
652,Malakhov,Alexander,"Malakhov,Alexander",,
653,Omiwade,Olusoji,"Omiwade,Olusoji",,
654,Park,Jaehong,"Park,Jaehong",,
655,Park,WooJin,"Park,WooJin",,
656,Sakashita,Koichi,"Sakashita,Koichi",,
658,Tram,ViNham,"Tram,ViNham",,
659,Vinogradov,Alexandre,"Vinogradov,Alexandre",,
660,Vznuzdaev,Evgueni,"Vznuzdaev,Evgueni",,
661,Yang,Ruizhe,"Yang,Ruizhe",,
641,Kang,Ju Hwan,"Kang,Ju_Hwan",,
647,Lai,Yue Shi,"Lai,YueShi",,
606,Zimanyi,Jozsef,"Zimanyi,Jozsef",,
629,Azmoun,Babak,"Azmoun,Babak",,
1592,Clever,Caleb,"Clever,Caleb",,2014-05-26 18:43:38.680509
574,Tomasek,Lukas,"Tomasek,Lukas",,
662,Cianciolo,Vincent,"Cianciolo,Vincent",,
663,Greene,Vicki,"Greene,Vicki",,
664,Hanks,Ali,"Hanks,Ali",,
665,Pereira,Hugo,"Pereira,Hugo",,
666,Takagui,Marcia,"Takagui,Marcia",,
740,Kochenda,Leonid,"Kochenda,Leonid",,
670,Silva,Cesar,"Silva,Cesar",,
671,Granier de Cassagnac,Raphael,"Granier_de_Cassagnac,Raphael",,
672,Ivanishchev,Dmitry,"Ivanishchev,Dmitry",,
673,Roach,Dillon,"Roach,Dillon",,
674,La Bounty,James,"LaBounty,James",,
675,Biggs,Carter,"Biggs,Carter",,
676,Polizzo,Salvatore,"Polizzo,Salvatore",,
677,Milov,Alexander,"Milov,Alexander",,
678,Sickles,Anne,"Sickles,Anne",,
679,Mohanty,Ajit,"Mohanty,Ajit",,
680,Kametani,Soichiro,"Kametani,Soichiro",,
681,Malik,Michael,"Malik,Michael",,
682,Zhou,Shuhua,"Zhou,Shuhua",,
683,Chung,Paul,"Chung,Paul",,
684,Kijima,Kotaro,"Kijima,Kotaro",,
685,Mannel,Eric,"Mannel,Eric",,
686,Hegde,Prasad,"Hegde,Prasad",,
687,Ichimiya,Ryo,"Ichimiya,Ryo",,
688,Kurosawa,Maki,"Kurosawa,Maki",,
689,Dairaku,Seishi,"Dairaku,Seishi",,
690,Kempel,Todd,"Kempel,Todd",,
691,Kiriluk,Kristin,"Kiriluk,Kristin",,
692,Sim,Kwang-Souk,"Sim,Kwang-Souk",,
693,Semenov,Andrei,"Semenov,Andrei",,
694,Dutta,Dipanwita,"Dutta,Dipanwita",,
695,Komkov,Boris,"Komkov,Boris",,
696,Richardson,Eric,"Richardson,Eric",,
697,Kim,Suhyeon,"Kim,Suhyeon",,
698,Belmont,Ronald,"Belmont,Ron",,
699,Herstoff,Jonathan,"Herstoff,Jonathan",,
700,Jumper,Daniel,"Jumper,Daniel",,
669,van Hecke,Hubert,"vanHecke,Hubert",,
702,Munoz_Camacho,Carlos,"Munoz_Camacho,Carlos",,
703,Sparks,Nathan,"Sparks,Nathan",,
704,Wood,John,"Wood,John",,
705,Faulkner,Mariette,"Faulkner,Mariette",,
706,Shukla,Prashant,"Shukla,Prashant",,
707,Jinnouchi,Osamu,"Jinnouchi,Osamu",,
708,Kamihara,Nobuyuki,"Kamihara,Nobuyuki",,
709,Leite,Marco,"Leite,Marco",,
710,Liebing,Patricia,"Liebing,Patricia",,
711,Mignerey,Alice,"Mignerey,Alice",,
712,Nouicer,Rachid,"Nouicer,Rachid",,
713,Okada,Kensuke,"Okada,Kensuke",,
714,Pak,Robert,"Pak,Robert",,
715,Sukhanov,Andrei,"Sukhanov,Andrei",,
716,Walker,Dylan,"Walker,Dylan",,
717,Xie,Wei,"Xie,Wei",,
718,Chai,Zhengwei,"Chai,Zhengwei",,
719,Chand,Phool,"Chand,Phool",,
720,Espagnon,Bruno,"Espagnon,Bruno",,
721,Hachiya,Takashi,"Hachiya,Takashi",,
722,Harada,Hiroyuki,"Harada,Hiroyuki",,
723,Hayano,Ryugo,"Hayano,Ryugo",,
724,Ishihara,Masayasu,"Ishihara,Masayasu",,
725,Kapustinsky,Jon,"Kapustinsky,Jon",,
726,Kochetkov,Vladimir,"Kochetkov,Vladimir",,
727,Kotchetkov,Dmitri,"Kotchetkov,Dmitri",,
728,Layton,David,"Layton,David",,
729,Lee,Jik,"Lee,Jik",,
730,Miake,Yasuo,"Miake,Yasuo",,
731,Nagamiya,Shoji,"Nagamiya,Shoji",,
732,Romana,Albert,"Romana,Albert",,
733,Staley,Florent,"Staley,Florent",,
734,Tomita,Yusuke,"Tomita,Yusuke",,
735,Turner,Jonathan,"Turner,Jonathan",,
736,Wagner,Marcus,"Wagner,Marcus",,
737,Watts,Cole,"Watts,Cole",,
738,Wessels,Johannes,"Wessels,Johannes",,
739,Wright,Ryan,"Wright,Ryan",,
741,Chernichenko,Sergey,"Chernichenko,Sergei",,
742,Hadj Henni,Ahmed,"HadjHenni,Ahmed",,
743,Norman,Benjamin,"Norman,Ben",,
744,Semenov,Vitaly,"Semenov,Vitaly",,
745,Soldatov,Aleksander,"Soldatov,Aleksandr",,
746,Joo,Koan,"Joo,Koan_Sik",,
1612,Pontieri,Christoph,"Pontieri,Christoph",,2015-02-05 09:11:16.159851
771,Edwards,Simon,"Edwards,Simon",,
750,Watanabe,Kengo,"Watanabe,Kengo",,
751,Bok,Jeongsu,"Bok,Jeongsu",,
752,Blau,Dmitry,"Blau,Dmitry",,
753,You,Zhengyun,"You,Zhengyun",,
755,Hamblen,Joshua,"Hamblen,Joshua",,
756,Aramaki,Yoki,"Aramaki,Yoki",,
757,Butler,Carola,"Butler,Carola",,
759,Christiansen,Peter,"Christiansen,Peter",,
760,Chvala,Ondrej,"Chvala,Ondrej",,
761,Danchev,Ivan,"Danchev,Ivan",,
762,Datta,Amaresh,"Datta,Amaresh",,
763,Jacob,Merritt,"Jacob,Merritt",,
765,Kawashima,Motohiro,"Kawashima,Motohiro",,
766,Proissl,Manuel,"Proissl,Manuel",,
767,Watanabe,Daisuke,"Watanabe,Daisuke",,
768,Wei,Rui,"Wei,Rui",,
769,Lee,Kiseon,"Lee,Kiseon",,
770,Spendier,Kathrin,"Spendier,Kathrin",,
1620,Tarnai,Gabor,"Tarnai,Gabor",,2015-02-20 10:12:38.879347
772,Rolnick,Sky,"Rolnick,Sky",,
773,Rosen,Christopher,"Rosen,Christopher",,
774,Drees,Angelika,"Drees,Angelika",,
775,Karatsu,Kenichi,"Karatsu,Kenichi",,
776,Kim,Young-Jin,"Kim,Young-Jin",,
777,Barron,Alexander,"Barron,Alexander",,
778,Borggren,Nathan,"Borggren,Nathan",,
779,Caringi,Amanda,"Caringi,Amanda",,
780,Ide,Justine,"Ide,Justine",,
781,Jones,Timothy,"Jones,Timothy",,
782,Kasai,Miki,"Kasai,Miki",,
783,Kim,Eun-Joo,"Kim,Eun-Joo",,
784,Lopez,Gary,"Lopez,Gary",,
785,Oakley,Christopher,"Oakley,Christopher",,
786,Petti,Richard,"Petti,Richard",,
787,Thomas,Dillon,"Thomas,Dillon",,
788,Zimmerman,Aaron,"Zimmerman,Aaron",,
764,Connors,Megan,"Connors,Megan","formerly Juszkiewicz,Megan",
790,Singh,Chandra,"Singh,C.P.",,
758,Chen,Chin-Hao,"Chen,Chin-Hao",Also known as John Chen,
754,Atomssa,Ermias,"Atomssa,Ermias","formerly Tujuba,Ermias",
1597,Snowball,Matthew,"Snowball,Matthew",,2014-09-17 14:14:06.243752
791,Bourgeois,Paul,"Bourgeois,Paul",,
792,Iwanaga,Yoshihiro,"Iwanaga,Yoshihiro",,
793,Jiang,Xiaodong,"Jiang,Xiaodong",,
794,Kleinjan,David,"Kleinjan,David",,
795,Lichtenwalner,Phillip,"Lichtenwalner,Phillip",,
796,Mibe,Tsutomu,"Mibe,Tsutomu",,
797,Taneja,Swadhin,"Taneja,Swadhin",,
798,Lee,Kyong Sei,"Lee,KyongSei",,
799,Moon,Hyejin,"Moon,Hyejin",,
800,Nakamura,Katsuro,"Nakamura,Katsuro",,
801,Sano,Masato,"Sano,Masato",,
802,Takahara,Akihisa,"Takahara,Akihisa",,
803,Welke,Charles,"Welke,Charles",,
804,LindenLevy,Loren,"LindenLevy,Loren",,
805,Durham,Matthew,"Durham,Matt",,
806,Apadula,Nicole,"Apadula,Nicole",,
807,Hutter,Richard,"Hutter,Richard",,
808,Gong,Xiaoyang,"Gong,Xiaoyang",,
809,Guo,Lei,"Guo,Lei",,
810,Hollis,Richard,"Hollis,Richard",,
811,Iordanova,Aneta,"Iordanova,Aneta",,
812,Kline,Paul,"Kline,Paul",,
813,Lee,Soon-Rye,"Lee,Soon-Rye",,
814,Leitgab,Martin,"Leitgab,Martin",,
815,Lim,Sanghoon,"Lim,Sanghoon",,
816,Manion,Andrew,"Manion,Andrew",,
817,Nihashi,Masaya,"Nihashi,Masaya",,
818,Nuger,Jeremy,"Nuger,Jeremy",,
819,Sarsour,Murad,"Sarsour,Murad",,
820,Vossen,Anselm,"Vossen,Anselm",,
821,Akimoto,Ryohji,"Akimoto,Ryohji",,
822,Andrews,Keller,"Andrews,Keller",,
823,Bannier,Benjamin,"Bannier,Benjamin",,
824,Ben-Benjamin,Jonathan,"Ben-Benjamin,Jonathan",,
825,Broxmeyer,David,"Broxmeyer,David",,
826,Gainey,Kyle,"Gainey,Kyle",,
827,Hahn,Kevin,"Hahn,KevinInsik",,
828,Harper,Caitlin,"Harper,Caitlin",,
829,Hori,Yasuto,"Hori,Yasuto",,
830,John,Dwayne,"John,Dwayne",,
831,Kang,ByoungHwi,"Kang,ByoungHwi",,
832,Klamor,Sebastian,"Klamor,Sebastian",,
833,Lewis,Benji,"Lewis,Benji",,
834,McGlinchey,Darren,"McGlinchey,Darren",,
835,Miyachi,Yoshiyuki,"Miyachi,Yoshiyuki",,
836,Motschwiller,Steven,"Motschwiller,Steven",,
837,Pereira,Sergio,"Pereira,Sergio",,
838,Perry,Joshua,"Perry,Joshua",,
839,Reynolds,Damian,"Reynolds,Damian",,
840,Sodre,Thalassa,"Sodre,Thalassa",,
841,Sun,Jiayin,"Sun,Jiayin",,
842,Tarafdar,Sourav,"Tarafdar,Sourav",,
843,Tennant,Elaine,"Tennant,Elaine",,
844,Todoroki,Takahito,"Todoroki,Takahito",,
846,Utsunomiya,Kazuki,"Utsunomiya,Kazuki",,
847,Voas,Brian,"Voas,Brian",,
848,Watanabe,Yosuke,"Watanabe,Yosuke",,
849,Zelenski,Anatoli,"Zelenski,Anatoli",,
850,Aschenauer,Elke,"Aschenauer,Elke-Caroline",,
1593,Reinert,David,"Reinert,David",,2014-06-23 12:13:33.532115
1639,Fan,Wenqing,"Fan,Wenqing",,2015-11-10 14:33:15.108652
853,Kajigaya,Midori,"Kajigaya,Midori",,
854,Park,Byeong Hyeon,"Park,ByeongHyeon",,
855,Shim,Hyun Ha,"Shim,HyunHa",,
856,Yoo,Jung Sook,"Yoo,JungSook",,
857,Lee,Sook Hyun,"Lee,SookHyun",,
858,Kim,Yong Kyun,"Kim,YongKyun",,
860,Park,Sung,"Park,SungKeun",,
861,Steinberg,Peter,"Steinberg,Peter",,
862,Avoirte,Joffrey,"Avoirte,Joffrey",,
863,Byrum,Laura,"Byrum,Laura",,
864,Baumgart,Stephen,"Baumgart,Stephen",,
865,Gal,Ciprian,"Gal,Ciprian",,
866,Garishvili,Archil,"Garishvili,Archil",,
867,Hirota,Seiko,"Hirota,Seiko",,
868,Ichikawa,Yudai,"Ichikawa,Yudai",,
869,Joo,Eunah,"Joo,Eunah",,
870,Kim,Chong,"Kim,Chong",,
871,Kim,Heonjoo,"Kim,Heonjoo",,
872,Klatsky,Jeffrey,"Klatsky,Jeffrey",,
873,Komatsu,Yusuke,"Komatsu,Yusuke",,
874,Kotov,Dmitry,"Kotov,Dmitry",,
876,McKinney,Cameron,"McKinney,Cameron",,
877,Mikuni,Kazumi,"Mikuni,Kazumi",,
878,Mohapatra,Soumya,"Mohapatra,Soumya",,
879,Mwai,Alex,"Mwai,Alex",,
880,Novitzky,Norbert,"Novitzky,Norbert",,
881,Ogawa,Naruya,"Ogawa,Naruya",,
882,Onishi,Junichi,"Onishi,Junichi",,
883,Powell,William,"Powell,William",,
884,Sameshima,Rei,"Sameshima,Rei",,
885,Sen,Abhisek,"Sen,Abhisek",,
886,Shaver,Alexander,"Shaver,Alexander",,
887,Song,Myunggeun,"Song,Myunggeun",,
888,Tomkins,Daniel,"Tomkins,Daniel",,
889,Vargyas,Marton,"Vargyas,Marton",,
890,Viinikainen,Jussi,"Viinikainen,Jussi",,
891,Wiecki,Paul,"Wiecki,Paul",,
892,Wolin,Scott,"Wolin,Scott",,
893,Choi,Seonho,"Choi,Seonho",,
894,Ding,Lei,"Ding,Lei",,
895,Garg,Prakhar,"Garg,Prakhar",,
896,Mendoza,Matthew,"Mendoza,Matthew",,
897,Murakami,Tetsuya,"Murakami,Tetsuya",,
898,Nattrass,Christine,"Nattrass,Christine",,
899,Tsuji,Tomoya,"Tsuji,Tomoya",,
900,Whitaker,Shawn,"Whitaker,Shawn",,
901,Xia,Bing,"Xia,Bing",,
902,Asano,Hidemitsu,"Asano,Hidemitsu",,
903,Castera,Philippe,"Castera,Philippe",,
904,Daugherity,Michael,"Daugherity,Michael",,
905,Hamada,Eitaro,"Hamada,Eitaro",,
906,Hashimoto,Kimiaki,"Hashimoto,Kimiaki",,
907,Krizek,Filip,"Krizek,Filip",,
908,Masumoto,Shinichi,"Masumoto,Shinichi",,
1613,Rau,Michael,"Rau,Michael",,2015-02-05 09:13:14.706665
910,Nomura,Marcelo,"Nomura,Marcelo",,
29,Bhagavatula,Sandhya,"Bhagavatula,Sandhya",,
243,Dayananda,MathesKanishka,"Dayananda,MathesKanishka",,
749,Perepelitsa,Dennis,"Perepelitsa,Dennis",,
295,Galanakis,Dimitris,"Galanakis,Dimitris",,
152,Kinnison,Wayne,"Kinnison,Wayne",,
859,Kang,Jeong Soo,"Kang,Jeongsoo",,
1615,Ji,Zhongling,"Ji,Zhongling",,2015-02-13 16:19:36.596465
845,Tomasek,Michal,"Tomasek,Michal",,
77,Sibiriak,Iouri,"Sibiriak,Iouri",,
298,Thorsland,Eric,"Thorsland,Eric",,
668,Salnikov,Stanislav,"Salnikov,Stanislav",,
255,du Rietz,Rickard,"duRietz,Rickard",,
211,Grosse Perdekamp,Matthias,"GrossePerdekamp,Matthias",,
911,Pope,Kyle,"Pope,Kyle",,
65,Gogiberidze,George,"Gogiberidze,George",,
1001,Koblesky,Theo,"Koblesky,Theo",,
912,Patel,Laura,"Patel,Laura",,
914,Sett,Priyanka,"Sett,Priyanka",,
1640,Metzger,Wesley,"Metzger,Wesley",,2015-11-25 15:25:47.259068
913,Niida,Takafumi,"Niida,Takafumi",,
915,Mishra,DipakKumar,"Mishra,DipakKumar",,
909,Mizuno,Sanshiro,"Mizuno,Sanshiro",,
916,Gu,Yi,"Gu,Yi",,
917,El Chenawi,Karim,"ElChenawi,Karim",,
918,Khandai,Prashanta Kumar,"Khandai,Prashanta_Kumar",,
1614,Ottino,Gregory,"Ottino,Gregory",,2015-02-12 17:53:47.283822
944,Choi,Jinhyuk,"Choi,Jinhyuk",Kangnung,
919,Kumpmann,Ansgar,"Kumpmann,Ansgar",,
920,Svensson,Thomas,"Svensson,Thomas",,
921,Skutnik,Steve,"Skutnik,Steve",,
922,Kohara,Ryota,"Kohara,Ryota",,
923,Kim,Young Gook,"Kim,YoungGook",,
924,D'Orazio,Lesley,"DOrazio,Lesley",,
925,Timilsina,Arbin,"Timilsina,Arbin",,
926,Feege,Nils,"Feege,Nils",,
1005,Kopytine,Misha,"Kopytine,Misha",,
927,Li,Xinhua,"Li,Xinhua",,
928,Devismes,Anne,"Devismes,Anne",,
1641,Elder,Todd,"Elder,Todd",,2015-12-01 10:59:59.780947
929,Fung,Sun-Yiu,"Fung,Sun-Yiu",,
930,Angerami,Aaron,"Angerami,Aaron",,
931,Appelt,Eric,"Appelt,Eric",,
932,Bai,Xinzhan,"Bai,Xinzhan",,
933,Baron,Owen,"Baron,Owen",,
935,Beckman,Shawn,"Beckman,Shawn",,
936,Berdnikov,Alexander,"Berdnikov,Alexander",,
937,Bhom,Jihyon,"Bhom,Jihyon",,
1650,Boer,Marie,"Boer,Marie",,2016-02-04 13:52:11.428852
939,Bjorndal,Michael,"Bjorndal,Michael",,
940,Black,David,"Black,David",,
941,Borenstein,Sam,"Borenstein,Sam",,
942,Bryslawskyj,Jason,"Bryslawskyj,Jason",,
943,Bucher,Damian,"Bucher,Damian",,
945,Choi,JongBum,"Choi,JongBum",,
946,Comets,Marie_Pierre,"Comets,Marie_Pierre",,
947,Cronin,Nicole,"Cronin,Nicole",,
950,Deaton,Brett,"Deaton,Brett",,
851,Dharmawardane,Kahanawita,"Dharmawardane,KahanawitaVipuli",,
952,Drachenberg,Jim,"Drachenberg,Jim",,
953,Gallus,Petr,"Gallus,Petr",,
954,Ge,Huijun,"Ge,Huijun",,
955,Germain,Marie,"Germain,Marie",,
957,Godoi,Adriana,"Godoi,Adriana",,
958,Grim,Gary,"Grim,Gary",,
959,Guragain,Hari,"Guragain,Hari",,
960,Hagiwara,Masako,"Hagiwara,Masako",,
962,Hasegawa,Shoichi,"Hasegawa,Shoichi",,
963,Hasuko,Kazumi,"Hasuko,Kazumi",,
964,Hayashi,Naoki,"Hayashi,Naoki",,
965,Hayashi,ShinIchi,"Hayashi,ShinIchi",,
966,Hibino,Marasu,"Hibino,Marasu",,
967,Hidas,Pal,"Hidas,Pal",,
968,Ho,DongSu,"Ho,DongSu",,
969,Hoshino,Tomoya,"Hoshino,Tomoya",,
970,Huang,Jin,"Huang,Jin",,
971,Iguri,Takeru,"Iguri,Takeru",,
972,Ikeda,Yuki,"Ikeda,Yuki",,
973,Imazu,Yoshimitsu,"Imazu,Yoshimitsu",,
974,Inuzuka,Masahide,"Inuzuka,Masahide",,
975,Isinhue,Alexander,"Isinhue,Alexander",,
976,Javani,Mohammad,"Javani,Mohammad",,
977,Jeon,SangJune,"Jeon,SangJune",,
978,Jeong,Y,"Jeong,Y",,
979,Jezghani,Margaret,"Jezghani,Margaret",,
949,Deak,Ferenc,"Deak,Ferenc",,
981,Kaneti,Steve,"Kaneti,Steve",,
982,Kann,Mikhail,"Kann,Mikhail",,
983,Kapoor,S.S.,"Kapoor,S.S.",,
984,Katou,Koichi,"Katou,Koichi",,
985,Key,Aaron,"Key,Aaron",,
986,Khachatryan,Vladimir,"Khachatryan,Vladimir",,
987,Kim,Aram,"Kim,Aram",,
989,Kim,Do-Won,"Kim,Do-Won",,
990,Kim,DoHoon,"Kim,DoHoon",,
992,Kim,HongJoo,"Kim,HongJoo",,
993,Kim,Hyeon-Joong,"Kim,Hyeon-Joong",,
994,Kim,HyunHo,"Kim,HyunHo",,
995,Kim,Kwan-Beom,"Kim,Kwan-Beom",,
996,Kim,Minjung,"Kim,Minjung",,
999,Kiyoyama,Kouji,"Kiyoyama,Kouji",,
1000,Kobayashi,Hideyuki,"Kobayashi,Hideyuki",,
1002,Koehler,Daniel,"Koehler,Daniel",,
1003,Kofarago,Monika,"Kofarago,Monika",,
1006,Kuberg,Chris,"Kuberg,Chris",,
1007,Ladygin,Vladimir,"Ladygin,Vladimir",,
1008,LeBornec,Yves,"LeBornec,Yves",,
1009,Lee,Byungwuek,"Lee,Byungwuek",,
1010,Lee,GunHo,"Lee,GunHo",,
1011,Lee,Sungchul,"Lee,Sungchul",,
1012,Leitner,Evan,"Leitner,Evan",,
1013,Li,Zhihong,"Li,Zhihong",,
1014,Lim,Hansang,"Lim,Hansang",,
1015,Liu,Kun,"Liu,Kun",,
1016,Liu,Y,"Liu,Y",,
1017,Makek,Mihael,"Makek,Mihael",,
1018,Maruyama,Toshiki,"Maruyama,Toshiki",,
1019,McCain,Cody,"McCain,Cody",,
1020,McCain,Marshall,"McCain,Marshall",,
1021,Meles,Abraham,"Meles,Abraham",,
1022,Midori,Jumpei,"Midori,Jumpei",,
479,Miller,Timothy,"Miller,Tim",,
1023,Mischke,Richard,"Mischke,Richard",,
1024,Mishra,Madhukar,"Mishra,Madhukar",,
1025,Miyasaka,Shou,"Miyasaka,Shou",,
1026,Moon,TaeBong,"Moon,TaeBong",,
286,Matathias,Felix,"Matathias,Felix",,
1027,Moskowitz,Matthew,"Moskowitz,Matthew",,
948,Crossette,Nathan,"Crossette,Nathan",,
956,Giordano,Francesca,"Giordano,Francesca",,
273,McCumber,Michael,"McCumber,Michael",,
991,Kim,Geun Beom,"Kim,Geun-Beom",,
934,Beaumier,Michael,"Beaumier,Michael",,
1004,Orjuela Koop,Javier,"OrjuelaKoop,Javier",,
951,Do,Jaehyeon,"Do,Jaehyeon",,
1028,Nagae,Tomofumi,"Nagae,Tomofumi",,
1029,Nagasaka,Yasushi,"Nagasaka,Yasushi",,
1030,Nakagomi,Hiroshi,"Nakagomi,Hiroshi",,
1031,Nam,Shinwoo,"Nam,Shinwoo",,
1032,Nandi,Basanta,"Nandi,Basanta",,
1033,Nara,M,"Nara,M",,
1034,Nederlof,Andrew,"Nederlof,Andrew",,
1035,Netrakanti,PawanKumar,"Netrakanti,PawanKumar",,
1036,Nishimura,Shoichiro,"Nishimura,Shoichiro",,
1037,Novak,Tamas,"Novak,Tamas",,
1038,Nukariya,Atsushi,"Nukariya,Atsushi",,
1039,Obayashi,Hideyuki,"Obayashi,Hideyuki",,
1040,Oide,Hideyuki,"Oide,Hideyuki",,
1041,Oya,Yusuke,"Oya,Yusuke",,
1042,Park,IlHung,"Park,IlHung",,
1043,Park,Sanghwa,"Park,Sanghwa",,
1044,Parmar,A,"Parmar,A",,
1045,Penev,Vladimir,"Penev,Vladimir",,
1046,Perera,Darshana,"Perera,Darshana",,
1047,Petridis,Athan,"Petridis,Athan",,
1048,Pierson,Adam,"Pierson,Adam",,
1049,Pitukhin,Piotr,"Pitukhin,Piotr","affiliation is ihep_prot; different than Pitukhin, K. (id = 94) I think",
1050,Puckett,Andrew,"Puckett,Andrew",,
1051,Qualls,Jeb,"Qualls,Jeb",,
1052,Riveli,Nowo,"Riveli,Nowo",,
1053,Rowan,Zachary,"Rowan,Zachary",,
1054,Ryu,MinSang,"Ryu,MinSang",,
1055,Sadler,Michael,"Sadler,Michael",,
1056,Safonov,Alexey,"Safonov,Alexey",,
1057,Sakai,M,"Sakai,M",,
1058,Sako,Hiroyuki,"Sako,Hiroyuki",,
1059,Sanfratello,Lori,"Sanfratello,Lori",,
1060,Sano,Satoshi,"Sano,Satoshi",,
1061,Santo,Rainer,"Santo,Rainer",,
1062,Savastio,Michael,"Savastio,Michael",,
1642,Malaev,Mikhail,"Malaev,Mikhail",,2015-12-08 06:27:33.544998
1064,Sekiguchi,Yuko,"Sekiguchi,Yuko",,
1065,Sexton,Ashley,"Sexton,Ashley",,
1066,Shaw,Matt,"Shaw,Matt",,
1067,Shohjoh,Tomoyasu,"Shohjoh,Tomoyasu",,
789,Singh,Bhartendu,"Singh,Bhartendu_Kumar",,
1068,Sivertz,Mike,"Sivertz,Mike",,
1069,Skolnik,MariAnne,"Skolnik,MariAnne",,
1070,Smith,William,"Smith,William",,
1071,Solano,Steven,"Solano,Steven",,
1072,Stone,Michael,"Stone,Michael",,
1073,Sue,Dongon,"Sue,Dongon",,
1074,Sugioka,Makoto,"Sugioka,Makoto",,
1075,Takagi,Satoshi,"Takagi,Satoshi",,
1076,Tamai,Munetaka,"Tamai,Munetaka",,
1077,Tanaka,Kazuhiro,"Tanaka,Kazuhiro",,
1648,Runchey,Jonathan,"Runchey,Jonathan",,2016-02-01 13:45:42.917824
1078,Tepe,Jason,"Tepe,Jason",,
1079,Tuli,S.K.,"Tuli,S.K.",,
1080,Tyurin,Nikolai,"Tyurin,Nikolai",,
1081,Uam,Taejun,"Uam,Taejun",,
1082,Ushiroda,Tsukasa,"Ushiroda,Tsukasa",,
667,Vazquez-Zambrano,Eric,"Vazquez-Zambrano,Eric",,
1083,Velissaris,Christos,"Velissaris,Christos",,
1084,Watanabe,Kentaro,"Watanabe,Kentaro",,
1085,Willis,Nicole,"Willis,Nicole",,
1086,Xue,Liang,"Xue,Liang",,
1087,Yalcin,Serpil,"Yalcin,Serpil",,
1088,Yang,Yi,"Yang,Yi",,
1089,Yoon,Inseok,"Yoon,Inseok",,
1090,Jang,Woo-Young,"Jang,Woo-Young",,
1091,Zhou,SuiJian,"Zhou,SuiJian",,
1092,Abernethy,Phillip,"Abernethy,Phillip","",
1093,Baburov,Leon,"Baburov,Leon","",
1094,Balestri,Thomas,"Balestri,Thomas","",
1095,Bandara,Nerangika,"Bandara,Nerangika","",
1096,Bhom,Jihyun,"Bhom,Jihyun","",
1097,Carollo,Alexa,"Carollo,Alexa","",
1098,DeBlasio,Katherine,"DeBlasio,Katherine","",
1099,Faroughy,Cyrus,"Faroughy,Cyrus","",
1100,Foster,Susan,"Foster,Susan","",
1101,Greenland,Kelly,"Greenland,Kelly","",
1102,Han,Seyoung,"Han,Seyoung","",
1103,Homer,John,"Homer,John","",
1104,Hong,Hyunseong,"Hong,Hyunseong","",
1105,Horiuchi,Satoshi,"Horiuchi,Satoshi","",
1106,Ikpatt,Frederick,"Ikpatt,Frederick","",
1107,Kanda,Sohtaro,"Kanda,Sohtaro","",
1108,Kanno,Koki,"Kanno,Koki","",
1109,Kihara,Koichi,"Kihara,Koichi","",
1110,Kim,Dahee,"Kim,Dahee","",
1111,Lynch,Morgan,"Lynch,Morgan","",
1112,Mandelbaum,Ryan,"Mandelbaum,Ryan","",
1113,McLean,Charlee,"McLean,Charlee","",
1114,Montuenga,Pedro,"Montuenga,Pedro","",
1115,Moocarme,Matthew,"Moocarme,Matthew","",
1116,Nakai,Wataru,"Nakai,Wataru","",
1117,Nikolaus,Walker,"Nikolaus,Walker","",
1118,Ozaki,Hitomi,"Ozaki,Hitomi","",
1119,Park,Hyemin,"Park,Hyemin","",
1120,Qin,Chuan,"Qin,Chuan","",
1121,Radhakrishnan,Sooraj,"Radhakrishnan,Sooraj","",
1122,Rasanen,Sami,"Rasanen,Sami","",
1123,Schaefer,Brennan,"Schaefer,Brennan","",
1124,Schmoll,Brandon,"Schmoll,Brandon","",
1125,Schweid,Benjamin,"Schweid,Benjamin","",
1126,Solomon,Mathew,"Solomon,Mathew","",
1127,Stevens,Lauren,"Stevens,Lauren","",
1128,Tanaka,Naoto,"Tanaka,Naoto","",
1129,Tate,Aric,"Tate,Aric","",
1130,Towell,Ramsey,"Towell,Ramsey","",
1131,Tullo,Andrew,"Tullo,Andrew","",
1132,Vayl,Steven,"Vayl,Steven","",
1133,Wallace,Cora,"Wallace,Cora","",
1134,Young,Michael,"Young,Michael","",
1135,Zarndt,Emily,"Zarndt,Emily","",
1136,Zumberge,Christopher,"Zumberge,Christopher","",
1137,Benjamin,George,"Benjamin,George","",
1138,deSilva,Dasith,"deSilva,Dasith","",
1139,Jung,InSu,"Jung,InSu","",
1141,Lynn,Spenser,"Lynn,Spenser","",
1142,vonSteinkirch,Marina,"vonSteinkirch,Marina","",
1143,Yang,KeunTae,"Yang,KeunTae","",
1145,Miller,Andrew,"Miller,Andrew","",
1146,Pinson,Ryan,"Pinson,Ryan","",
1147,Towell,Marshall,"Towell,Marshall","",
1148,Anand,Kunaal,"Anand,Kunaal","",
1149,Anderson,Alexander,"Anderson,Alexander","",
240,Stewering,Joern,"Stewering,Joern",,
1150,Belyaev,Spartak,"Belyaev,Spartak","",
1151,Bergstrom,Andrew,"Bergstrom,Andrew","",
1152,Bobrek,Miljko,"Bobrek,Miljko","",
1153,Bowen,James,"Bowen,James","",
1203,Phillips,Michael,"Phillips,Michael","",
1155,Burleson-Lesser,Kate,"Burleson-Lesser,Kate","",
1156,Cervantes,Raphael,"Cervantes,Raphael","",
1157,Chollet,Simon,"Chollet,Simon","",
1158,David,Yonatan,"David,Yonatan","",
1159,Debraine,Alain,"Debraine,Alain","",
1160,Dewald,Andrew,"Dewald,Andrew","",
1161,Dotsenko,Andrey,"Dotsenko,Andrey","",
1162,Eberle,Louisa,"Eberle,Louisa","",
1163,Eggleston,Michael,"Eggleston,Michael","",
1164,Ermolov,Pavel,"Ermolov,Pavel","",
1165,Garcia,Louis,"Garcia,Louis","",
1166,Gastaldi,Franck,"Gastaldi,Franck","",
1167,Ghergherechi,Mitra,"Ghergherechi,Mitra","",
1168,Goers,Andrew,"Goers,Andrew","",
1169,Gurian,Ryan,"Gurian,Ryan","",
1170,Haddad,Matthew,"Haddad,Matthew","",
1171,Hansen,David,"Hansen,David","",
1172,Havranek,Miroslav,"Havranek,Miroslav","",
1173,Hoefferkamp,Martin,"Hoefferkamp,Martin","",
1174,Holthaus,Derek,"Holthaus,Derek","",
1175,Hulsebus,Alan,"Hulsebus,Alan","",
1176,Ivanov,Vladimir,"Ivanov,Vladimir","",
1177,Karadjev,Karen,"Karadjev,Karen","",
1178,Kaskela,Antti,"Kaskela,Antti","",
1179,Kluberg,Louis,"Kluberg,Louis","",
1180,Kravtsov,Peter,"Kravtsov,Peter","",
1181,Krichevsky,Rafael,"Krichevsky,Rafael","",
1182,Krichevsky,Spencer,"Krichevsky,Spencer","",
1183,Kuriyama,Marcel,"Kuriyama,Marcel","",
1184,Kwan,Alexis,"Kwan,Alexis","",
1185,Lebedev,Valery,"Lebedev,Valery","",
1186,Lefferts,Richard,"Lefferts,Richard","",
1187,Lipski,Andrzej,"Lipski,Andrzej","",
1188,Lockner,Matthew,"Lockner,Matthew","",
1189,Marcisovsky,Michal,"Marcisovsky,Michal","",
1190,McKay,Roy,"McKay,Roy","",
1191,Menegasso,Ricardo,"Menegasso,Ricardo","",
1192,Migulina,Irina,"Migulina,Irina","",
1594,Capobianco-Hogan,Kyle,"Capobianco-Hogan,Kyle",,2014-07-21 17:02:37.081079
1194,Moy,Martin,"Moy,Martin","",
1195,Murakami,Haruna,"Murakami,Haruna","",
1196,Murrell,Quin,"Murrell,Quin","",
1643,Takeda,Akari,"Takeda,Akari",,2015-12-16 21:55:11.390968
1198,Nieves,Rachel,"Nieves,Rachel","",
1199,Ninomiya,Kazushi,"Ninomiya,Kazushi","",
1200,Obara,Yuki,"Obara,Yuki","",
1202,Patel,Milap,"Patel,Milap","",
1204,Popule,Jiri,"Popule,Jiri","",
1205,Root,Geoffrey,"Root,Geoffrey","",
1206,Sa,Benhao,"Sa,Benhao","",
1207,Shafto,Eugene,"Shafto,Eugene","",
1208,Shibukawa,Takuya,"Shibukawa,Takuya","",
1209,Simpson,Jessica,"Simpson,Jessica","",
1210,Sippach,William,"Sippach,William","",
1211,Sluneckova,Viera,"Sluneckova,Viera","",
1212,Spears,Cannon,"Spears,Cannon","",
1213,Strack,Jason,"Strack,Jason","",
1214,Suzuki,Kenta,"Suzuki,Kenta","",
1215,Trofimov,Victor,"Trofimov,Victor","",
1216,Usher,William,"Usher,William","",
1217,Watson,Shon,"Watson,Shon","",
1218,Yamashita,Satoru,"Yamashita,Satoru","",
1219,Ye,Li,"Ye,Li","",
1220,Ye,Yanlin,"Ye,Yanlin","",
1221,Yu,Haiwang,"Yu,Haiwang","",
1222,Zajac,Stephanie,"Zajac,Stephanie","",
1223,Zhalov,Mikhael,"Zhalov,Mikhael","",
1224,Zhang,Hongbin,"Zhang,Hongbin","",
1225,Zhang,Li,"Zhang,Li","",
1226,Zhou,Jing,"Zhou,Jing","",
1227,Bazilev,Sergi,"Bazilev,Sergi","",
1228,Dryablov,Dmitry,"Dryablov,Dmitry","",
1229,Funato,Ryo,"Funato,Ryo","",
1230,Hutchins,Jerry,"Hutchins,Jerry","",
1231,Kanner,Mark,"Kanner,Mark","",
1232,Kim,Hongmin,"Kim,Hongmin","",
1233,Mateo,Katherine,"Mateo,Katherine","",
1234,Nomura,Kyoko,"Nomura,Kyoko","",
1235,Sakata,Dousatsu,"Sakata,Dousatsu","",
1236,Sicho,Petr,"Sicho,Petr","",
1237,Slepnev,Ilia,"Slepnev,Ilia","",
1238,Slepnev,Vyacheslav,"Slepnev,Vyacheslav","",
1239,Son,JaeSung,"Son,JaeSung","",
1240,Srivastava,Prashan_Kumar,"Srivastava,Prashan_Kumar","",
1241,Suleimanov,Mais,"Suleimanov,Mais","",
1242,Yun,Young-Bin,"Yun,Young-Bin","",
1243,Zamyatin,Nikolai,"Zamyatin,Nikolai","",
1244,Baker,Mark,"Baker,Mark","",
1245,Hegyi,Sandor,"Hegyi,Sandor","",
1246,Kakurai,Takuya,"Kakurai,Takuya","",
1247,Takagi,Atsuko,"Takagi,Atsuko","",
1248,Takeuchi,Toshimasa,"Takeuchi,Toshimasa","",
1249,Yokoyama,Hiroki,"Yokoyama,Hiroki","",
1250,Burnap,Alex,"Burnap,Alex","",
1251,Gee,Tim,"Gee,Tim","",
1252,Haki,Yosuke,"Haki,Yosuke","",
1253,Heine,Norbert,"Heine,Norbert","",
1254,Jagadish,Usha,"Jagadish,Usha","",
1255,Jones_Jr,John,"Jones_Jr,John","",
1256,Langin,ThomasKarl,"Langin,ThomasKarl","",
1257,Li,Chengbo,"Li,Chengbo","",
1258,Mishustin,Nikolai,"Mishustin,Nikolai","",
1259,Nikolaev,Serguei,"Nikolaev,Serguei","",
1260,Sekine,Hiroki,"Sekine,Hiroki","",
1261,Sibiryak,Iouri,"Sibiryak,Iouri","",
1262,Smith,David,"Smith,David","",
1263,Smith,Melissa,"Smith,Melissa","",
1264,Tsvetkov,Andrey,"Tsvetkov,Andrey","",
1265,Vasiliev,Andrey,"Vasiliev,Andrey","",
1266,Verhoeven,Wolfgang,"Verhoeven,Wolfgang","",
1267,Whitus,Bobby,"Whitus,Bobby","",
1268,Yin,Meng,"Yin,Meng","",
1269,Chalermsongsak,Tara,"Chalermsongsak,Tara","",
1270,Hiei,Ayako,"Hiei,Ayako","",
1271,Kuo,Tzu-Ling,"Kuo,Tzu-Ling","",
1272,Kurtz,Jean,"Kurtz,Jean","",
1197,Nagashima,Kazuya,"Nagashima,Kazuya","",
1273,Na,Mi-Eun,"Na,Mi-Eun","",
1275,Young,Daniel,"Young,Daniel","",
1276,Zaballa,Robert,"Zaballa,Robert","",
1277,Adcox,Kara,"Adcox,Kara","",
1278,Ahn,HyoEun,"Ahn,HyoEun","",
1279,Aizawa,Michiko,"Aizawa,Michiko","",
1280,Alho,Timo,"Alho,Timo","",
1281,Allen,Wade,"Allen,Wade","",
1282,Anderson,William,"Anderson,William","",
1283,Anisimov,Yuri,"Anisimov,Yuri","",
1284,Arai,Yasuo,"Arai,Yasuo","",
1285,Archuleta,Bernie,"Archuleta,Bernie","",
1683,Alnamlah,Ibrahim,"Alnamlah,Ibrahim",,2017-05-04 13:32:50.308468
1287,Atatekin,I,"Atatekin,I","",
1288,Auffenberg,Jan,"Auffenberg,Jan","",
1289,Autrey,Daryl,"Autrey,Daryl","",
1290,Baik,Kyoungmin,"Baik,Kyoungmin","",
1291,Baldwin,Charles,"Baldwin,Charles","",
1292,Barker,Austin,"Barker,Austin","",
1293,Barkovsky,Yuri,"Barkovsky,Yuri","",
1294,Barrette,Jean,"Barrette,Jean","",
1295,Baublis,Inna,"Baublis,Inna","",
1296,Baysinger,Brandon,"Baysinger,Brandon","",
1297,Behrendt,John,"Behrendt,John","",
1298,Bellaiche,F,"Bellaiche,F","",
1299,Bick,Michael,"Bick,Michael","",
1300,Bland,Wayne,"Bland,Wayne","",
1301,Bluhm,David,"Bluhm,David","",
1302,Bondila,Mariana,"Bondila,Mariana","",
1303,Brun,N,"Brun,N","",
1304,Cacace,Rachel,"Cacace,Rachel","",
1305,Cafferty,Maureen,"Cafferty,Maureen","",
1306,Chappell,Robin,"Chappell,Robin","",
1307,Chaurand,B,"Chaurand,B","",
1308,Chavez,Leslie,"Chavez,Leslie","",
1309,Chiang,FookChin,"Chiang,FookChin","",
1310,Christ,Tassilo,"Christ,Tassilo","",
1311,Chung,M,"Chung,M","",
1312,Cremonini,S,"Cremonini,S","",
1313,Crocker,Evan,"Crocker,Evan","",
1314,Crook,Dan,"Crook,Dan","",
1315,Cunitz,Herb,"Cunitz,Herb","",
1316,Danmura,A,"Danmura,A","",
1317,Diaz,J,"Diaz,J","",
1318,DiazValdes,Rafael,"DiazValdes,Rafael","",
1319,Dinesh,B,"Dinesh,B","",
1320,Dumonteil,Eric,"Dumonteil,Eric","",
1321,Duncavage,Eric,"Duncavage,Eric","",
1322,Dural,S,"Dural,S","",
1323,Earley,Donna,"Earley,Donna","",
1324,Ebisu,Kentaro,"Ebisu,Kentaro","",
1325,Echave,Manuel,"Echave,Manuel","",
1326,Edelmaier,Christopher,"Edelmaier,Christopher","",
1327,Edens,Lance,"Edens,Lance","",
1328,Eilerts,Scott,"Eilerts,Scott","",
1329,Emerson,Nate,"Emerson,Nate","",
1330,Endlich,Solomon,"Endlich,Solomon","",
1331,Enosawa,K,"Enosawa,K","",
1332,Ernst,Robert,"Ernst,Robert","",
1333,Evans,Arthur,"Evans,Arthur","",
1334,Evseev,V,"Evseev,V","",
1335,Fatemi,P,"Fatemi,P","",
1336,Felderman,Michael,"Felderman,Michael","",
1337,Feng,Jing,"Feng,Jing","",
1338,Filiminov,K,"Filiminov,K","",
1339,Freeman,John,"Freeman,John","",
1340,Funahashi,Haruhiko,"Funahashi,Haruhiko","",
1341,Furuhashi,Yoshie,"Furuhashi,Yoshie","",
1342,Gabbert,Dominik,"Gabbert,Dominik","",
1343,Gannon,Jack,"Gannon,Jack","",
1344,Gil,Yafa,"Gil,Yafa","",
1345,Glanville,Yvonne,"Glanville,Yvonne","",
1346,Gregor,S,"Gregor,S","",
1347,Gutschow,Bruce,"Gutschow,Bruce","",
1348,Hara,H,"Hara,H","",
1349,Hart,G,"Hart,G","",
1350,Hart,Gary,"Hart,Gary","",
1351,Hawkins,Leigh,"Hawkins,Leigh","",
1352,Hayashi,H,"Hayashi,H","",
1353,Hegedus,Akos,"Hegedus,Akos","",
1354,Heistermann,Fritz,"Heistermann,Fritz","",
1355,Held,Steven,"Held,Steven","",
1356,Henneke,Heather,"Henneke,Heather","",
1357,Henry,Matt,"Henry,Matt","",
1358,Hicks,Steven,"Hicks,Steven","",
1359,Higuchi,R,"Higuchi,R","",
1360,Hinterbichler,Kurt,"Hinterbichler,Kurt","",
1361,Hirano,T,"Hirano,T","",
1362,Hosokawa,Kazuhiro,"Hosokawa,Kazuhiro","",
1644,Solovev,Vladimir,"Solovev,Vladimir",,2015-12-18 00:22:02.558693
1364,Hunter,Clint_Travis,"Hunter,Clint_Travis","",
1365,Ishii,Kenichi,"Ishii,Kenichi","",
1366,Ishikawa,T,"Ishikawa,T","",
1367,Isse,Masatsugu,"Isse,Masatsugu","",
1368,Iwata,Y,"Iwata,Y","",
1274,Lee,Namhee,"Namhee,Lee","",
1370,Kahn,Steve,"Kahn,Steve","",
1371,Kalliokoski,Tuomo,"Kalliokoski,Tuomo","",
1372,Kaminaga,Shigeto,"Kaminaga,Shigeto","",
1373,Kaminaga,Y,"Kaminaga,Y","",
1374,Karar,A,"Karar,A","",
1375,Kato,Sumio,"Kato,Sumio","",
1376,Kelley,MaryAnne,"Kelley,MaryAnne","",
1377,Kelley,Mike,"Kelley,Mike","",
1378,Kennedy,M,"Kennedy,M","",
1379,Khomoutnikov,Alexei,"Khomoutnikov,Alexei","",
1380,Kim,JungLan,"Kim,JungLan","",
1381,Kitamura,Kenichi,"Kitamura,Kenichi","",
1382,Klaus,Jaroslav,"Klaus,Jaroslav","",
1383,Klinksiek,Steve,"Klinksiek,Steve","",
1384,Kolesnikov,Vadim,"Kolesnikov,Vadim","",
1385,Kornacki,Evan,"Kornacki,Evan","",
1386,Kotsev,Nikolay,"Kotsev,Nikolay","",
1387,Kozlov,Vladimir,"Kozlov,Vladimir","",
1388,Krycka,K,"Krycka,K","",
1389,Krycka,Kathryn,"Krycka,Kathryn","",
1390,Kryshen,Evgeni,"Kryshen,Evgeni","",
1391,Kudin,Leonid,"Kudin,Leonid","",
1392,Kung,Edward,"Kung,Edward","",
1393,Kurata,M,"Kurata,M","",
1394,Kuriatkov,V,"Kuriatkov,V","",
1395,Lee,SangWan,"Lee,SangWan","",
1396,Leonard,S,"Leonard,S","",
1397,Levkova,Ludmila,"Levkova,Ludmila","",
1398,Linzey,Megan,"Linzey,Megan","",
1399,Liu,Xiaoping,"Liu,Xiaoping","",
1400,Liu,Zuhua,"Liu,Zuhua","",
1595,Hill,Kurt,"Hill,Kurt",,2014-07-21 17:05:49.606341
1684,Raisbeck,Cole,"Raisbeck,Cole",,2017-05-04 13:34:21.229979
1402,Longbotham,Nathan,"Longbotham,Nathan","",
1403,Lopez,J,"Lopez,J","",
1404,Lowe,Jim,"Lowe,Jim","",
1405,Lu,Shaojun,"Lu,Shaojun","",
1406,Luquin,Lionel,"Luquin,Lionel","",
1407,Mahon,Jack,"Mahon,Jack","",
1408,Marion,Denis,"Marion,Denis","",
1409,Markacs,Stephen,"Markacs,Stephen","",
1410,Markushin,D,"Markushin,D","",
1411,Martig,Marie,"Martig,Marie","",
1412,Maruyama,Yuu,"Maruyama,Yuu","",
1413,Masaike,A,"Masaike,A","",
1414,May,Dallas,"May,Dallas","",
1415,McGahern,Bill,"McGahern,Bill","",
1416,McGrath,Bob,"McGrath,Bob","",
1417,McKenney,Shawn,"McKenney,Shawn","",
1418,Meehan,Pat,"Meehan,Pat","",
1419,Melkumov,Ggregori,"Melkumov,Ggregori","",
1420,Merschmeyer,Markus,"Merschmeyer,Markus","",
1421,Mertens,David,"Mertens,David","",
1422,Mexner,Vanessa,"Mexner,Vanessa","",
1423,Miftakhov,Nail,"Miftakhov,Nail","",
1424,Miyamoto,Y,"Miyamoto,Y","",
1425,Miyamura,O,"Miyamura,O","",
1426,Montoya,B,"Montoya,B","",
1427,Muto,Ryotaro,"Muto,Ryotaro","",
1428,Nakamura,Masanobu,"Nakamura,Masanobu","",
1429,Narisawa,Masanori,"Narisawa,Masanori","",
1430,Nasta,Jo-Ann,"Nasta,Jo-Ann","",
1431,Nikkinen,Leo,"Nikkinen,Leo","",
1432,Nomura,S,"Nomura,S","",
1433,Obenshain,Felix,"Obenshain,Felix","",
1434,Oinonen,Markku,"Oinonen,Markku","",
1435,Okamura,Masahiro,"Okamura,Masahiro","",
1436,Pasmantirer,Beni,"Pasmantirer,Beni","",
1437,Pearson,Charlie,"Pearson,Charlie","",
1438,Perevoztchikov,V,"Perevoztchikov,V","",
1439,Petiau,Pierre,"Petiau,Pierre","",
1440,Prigl,Ralf,"Prigl,Ralf","",
1441,Puill,G,"Puill,G","",
1442,Qi,Y,"Qi,Y","",
1443,Quigley,Dan,"Quigley,Dan","",
1444,Ramasamy,Easwaramoorthi,"Ramasamy,Easwaramoorthi","",
1445,Reznikov,Sergey,"Reznikov,Sergey","",
1446,Robinson,Scott,"Robinson,Scott","",
1447,Rotival,Vincent,"Rotival,Vincent","",
1448,Rudati,Juana,"Rudati,Juana","",
1449,Ruggiero,Richie,"Ruggiero,Richie","",
1450,Rumpf,M,"Rumpf,M","",
1451,Ryzhinskiy,Mikhail,"Ryzhinskiy,Mikhail","",
1452,Sacks,Anthony,"Sacks,Anthony","",
1453,Saito,Shota,"Saito,Shota","",
1454,Sakaguchi,A,"Sakaguchi,A","",
1455,Sako,H,"Sako,H","",
1456,Sakuma,Fuminori,"Sakuma,Fuminori","",
1457,Sakuma,T,"Sakuma,T","",
1458,Salat,Chris,"Salat,Chris","",
1459,Sandhoff,Bill,"Sandhoff,Bill","",
1460,Sanjeewa,Hakmana,"Sanjeewa,Hakmana","",
1461,Savino,Ray,"Savino,Ray","",
1462,Schlei,Bernd,"Schlei,Bernd","",
1463,Seckler,Sean,"Seckler,Sean","",
1464,Sekimoto,Michiko,"Sekimoto,Michiko","",
1465,Seppanen,Henri,"Seppanen,Henri","",
1466,Shimada,T,"Shimada,T","",
1467,Sippach,Fred,"Sippach,Fred","",
1468,Skank,Harold,"Skank,Harold","",
1469,Smith,Gary,"Smith,Gary","",
1470,Sparikh,Harshil,"Sparikh,Harshil","",
1471,Sridhar,Manoj,"Sridhar,Manoj","",
1472,Starinsky,N,"Starinsky,N","",
1473,Stone,Adam,"Stone,Adam","",
1474,Stotzer,R,"Stotzer,R","",
1475,Sumi,Y,"Sumi,Y","",
1476,Sun,Zuxun,"Sun,Zuxun","",
1477,Takata,Y,"Takata,Y","",
1478,Taniguchi,Etsuji,"Taniguchi,Etsuji","",
1479,Tarakanov,Vyacheslav,"Tarakanov,Vyacheslav","",
1480,Tarasenkova,Olga,"Tarasenkova,Olga","",
1481,Thomas,William,"Thomas,William","",
1482,Tian,Wei,"Tian,Wei","",
1483,Udumaki,Takeyoshi,"Udumaki,Takeyoshi","",
1484,Urasawa,S,"Urasawa,S","",
1485,VanLith,Marty,"VanLith,Marty","",
1486,Vassent,Maurice,"Vassent,Maurice","",
1487,Vesztergombi,G,"Vesztergombi,G","",
1488,Vishnevskii,V,"Vishnevskii,V","",
1489,Vorobyov,Aleksei,"Vorobyov,Aleksei","",
1490,Wang,Feng,"Wang,Feng","",
1491,Wang,Haiqiao,"Wang,Haiqiao","",
1492,Wang,Qin,"Wang,Qin","",
1493,Wang,Sai-Lung,"Wang,Sai-Lung","",
1494,Webster,Joseph,"Webster,Joseph","",
1495,White,John,"White,John","",
1496,Willis,Preston,"Willis,Preston","",
1497,Wilson,Keegan,"Wilson,Keegan","",
1498,Wolfe,David,"Wolfe,David","",
1499,Wong-Swanson,Belinda,"Wong-Swanson,Belinda","",
1500,Yagi,Kohsuke,"Yagi,Kohsuke","",
1501,Yokoro,A,"Yokoro,A","",
1502,Yokota,Y,"Yokota,Y","",
1503,Yoon,Sunghoo,"Yoon,Sunghoo","",
1504,Yosoi,Mamoru,"Yosoi,Mamoru","",
1505,Zavatskiy,Maxim,"Zavatskiy,Maxim","",
1506,Thomas,Jim,"Thomas,Jim","",
1507,Dai,Mike,"Dai,Mike","",
1508,Sun,Mingxiu,"Sun,Mingxiu","",
1509,Lee,C,"Lee,C","",
1510,Zhou,F,"Zhou,F","",
1511,Sato,A,"Sato,A","",
1512,Chung,B,"Chung,B","",
1513,Park,C. S.,"Park,C.S.","",
1514,Kim,B. D.,"Kim,B.D.","",
50,Yamamoto,Robert,"Yamamoto,Robert",,
1515,Adachi,S,"Adachi,S","",
1516,Akiyama,T,"Akiyama,T","",
1517,Anderson,N,"Anderson,N","",
1646,Kim,Minho,"Kim,Minho",,2016-01-20 10:51:36.594321
1519,Chen,Z,"Chen,Z","",
1520,Cope,LeRoy,"Cope,LeRoy","",
1521,Ebesu,S,"Ebesu,S","",
1522,En-Yo,Yokosawa,"En-Yo,Yokosawa","",
1617,Dumancic,Mirta,"Dumancic,Mirta",,2015-02-18 02:29:30.126583
1524,Gilitsky,Yu,"Gilitsky,Yu","",
1525,Gogiberizde,G,"Gogiberizde,G","",
1526,Hata,M,"Hata,M","",
1527,Hutchison,M,"Hutchison,M","",
1528,Ikeno,M,"Ikeno,M","",
1529,Kawamura,H,"Kawamura,H","",
1531,Melnikov,Y,"Melnikov,Y","",
1532,Moore,Tony,"Moore,Tony","",
1533,Muzinger,P,"Muzinger,P","",
1534,Nakanishi,R,"Nakanishi,R","",
1535,Nianine,A,"Nianine,A","",
1536,Nitta,M,"Nitta,M","",
1537,O'Connor,P,"O'Connor,P","",
1538,Parakat,T,"Parakat,T","",
1539,Sada,Y,"Sada,Y","",
1540,Sasaki,O,"Sasaki,O","",
1541,Seitaibashi,E,"Seitaibashi,E","",
1542,Setao,R,"Setao,R","",
1543,Sibiryak,Yu,"Sibiryak,Yu","",
1544,Toyoda,T,"Toyoda,T","",
1545,Xu,Guanghua,"Xu,Guanghua","",
1546,Xu,G,"Xu,G","",
1547,Yu,B,"Yu,B","",
1154,Britton,Chuck,"Britton_Jr.,Chuck","",
1548,Sumita,Takayuki,"Sumita,Takayuki","",
1596,Werth,Christopher,"Werth,Christopher",,2014-09-15 12:45:05.651199
1647,Johnstone,James,"Johnstone,James",,2016-02-01 12:33:29.927594
1549,Alfred,Marcus,"Alfred,Marcus","",
1550,Hallman,Tim,"Hallman,Tim","",
1551,Bourrely,Claude,"Bourrely,Claude","",
1552,Nyak,Tapan,"Nyak,Tapan","",
1553,Hotvedt,Nels,"Hotvedt,Nels","",
1554,Rinn,Timothy,"Rinn,Timothy","",
1555,White,Aaron,"White,Aaron","",
1556,Osborn,Joseph,"Osborn,Joseph","",
657,Taranenko,Arkadij,"Taranenko,Arkadij",,
1649,Morrow,Sylvia,"Morrow,Sylvia",,2016-02-03 18:14:11.329102
1557,Zou,Liankun,"Zou,Liankun","",
1618,Lovasz,Koppany,"Lovasz,Koppany",,2015-02-20 10:08:46.654924
1651,Peng,Weizhuang,"Peng,Weizhuang",,2016-02-04 16:04:31.52295
1685,Hanson,Sam,"Hanson,Sam",,2017-05-04 13:35:39.603227
1652,Novotny,Radek,"Novotny,Radek",,2016-02-25 06:52:12.425641
1622,Leung,Yuehang,"Leung,Yuehang",,2015-03-02 12:58:43.147376
1653,Jorjadze,Vasily,"Jorjadze,Vasily",,2016-03-02 12:40:53.109481
1654,Liu,Landiao,"Liu,Landiao",,2016-03-02 13:36:57.031234
1655,Smith,Krista,"Smith,Krista",,2016-03-02 15:37:49.080903
1656,Ayuso,Catherine,"Ayuso,Catherine",,2016-03-03 08:37:42.165375
1558,Coe,Benjamin,"Coe,Benjamin",,2013-11-18 14:29:19.456186
1559,Chang,JaeHyeok,"Chang,JaeHyeok",,2013-11-18 16:15:19.890103
1560,Ko,Youngkwang,"Ko,Youngkwang",,2013-11-18 16:17:07.108884
1561,Quadri,Amiel,"Quadri,Amiel",,2013-11-18 16:17:44.889257
1657,Lewis,Nicole,"Lewis,Nicole",,2016-03-06 20:32:53.028575
1658,Syed,Sawaiz,"Syed,Sawaiz",,2016-03-14 10:22:53.638938
1659,Wang,Zhiyan,"Wang,Zhiyan",,2016-03-14 14:17:09.347502
1660,Richford,Daniel,"Richford,Daniel",,2016-03-18 14:43:03.690557
1661,Mihalik,Darin,"Mihalik,Darin",,2016-03-23 18:31:29.654047
1662,Kimball,Matthew,"Kimball,Matthew",,2016-04-12 15:58:40.147874
1663,Stien,Haley,"Stien,Haley",,2016-04-12 16:00:19.789608
1664,Waltmann,Thomas,"Waltmann,Thomas",,2016-04-20 14:09:07.075606
1665,Sato,Kazuki,"Sato,Kazuki",,2016-04-27 07:48:51.030329
1666,Skoby,Michael,"Skoby,Michael",,2016-05-05 12:41:30.950605
1667,Kasza,Gábor,"Kasza,Gábor",,2016-05-10 15:26:07.698716
1669,CanoaRoman,Veronica,"CanoaRoman,Veronica",,2016-05-11 22:52:10.996544
1670,Ito,Yuri,"Ito,Yuri",,2016-05-18 02:36:52.767496
1140,Kimura,Mizuki,"Kimura,Mizuki","",
1671,Lallow,Emran,"Lallow,Emran",,2016-05-24 16:41:08.326633
1672,Mendez,Alan,"Mendez,Alan",,2016-06-06 15:50:38.312971
1673,Silva,James,"Silva,James",,2016-06-06 15:57:01.252655
1674,Dusing,John,"Dusing,John",,2016-06-12 01:07:50.766909
1598,Lindesay,James,"Lindesay,James",,2014-09-22 18:28:20.59862
1599,Kapukchyan,David,"Kapukchyan,David",,2014-09-26 14:50:14.435787
634,Fokin,Sergey,"Fokin,Sergey",,
1621,Nagai,Kei,"Nagai,Kei",,2015-02-27 16:22:40.356258
1600,Ueda,Yosuke,"Ueda,Yosuke",,2014-12-01 10:18:44.083432
1601,Safonov,Aleksei,"Safonov,Aleksei",,2014-12-17 10:23:04.861945
1602,Wong,CheukPing,"Wong,CheukPing",,2014-12-18 11:40:13.525713
1603,Chaturvedi,OmShivKrishna,"Chaturvedi,OmShivKrishna",,2014-12-24 03:01:22.356591
1604,Karthas,Stacy,"Karthas,Stacy",,2014-12-29 07:46:42.590916
1605,Aoyama,Ryo,"Aoyama,Ryo",,2015-01-06 04:46:00.17385
1606,Shioya,Tomohiro,"Shioya,Tomohiro",,2015-01-06 04:47:29.01449
1607,Nagashima,Toru,"Nagashima,Toru",,2015-01-06 10:01:36.093485
1608,PerezLara,Carlos,"PerezLara,Carlos",,2015-01-07 14:55:22.377047
1623,Read,Robert,"Read,Robert",,2015-03-13 09:57:44.840307
1609,Kincses,Daniel,"Kincses,Daniel",,2015-01-13 07:32:52.667536
1610,Phipps,Michael,"Phipps,Michael",,2015-01-15 16:44:45.77834
1562,Haseler,Tristan,"Haseler,Tristan",,2013-12-05 11:55:13.228736
1611,Vukman,Nikola,"Vukman,Nikola",,2015-01-20 06:40:27.709251
1563,Kim,Jun-Lee,"Kim,Jun-Lee",,2013-12-05 13:25:21.91945
1564,Park,Junsang,"Park,Junsang",,2013-12-06 08:46:57.670757
1624,Dixit,Dhruv,"Dixit,Dhruv",,2015-03-22 16:17:44.989324
1625,Maxner,Arielle,"Maxner,Arielle",,2015-03-26 11:23:56.680809
1565,Kim,Go Woon,"Kim,GoWoon",,2013-12-06 08:52:08.939226
353,Csanad,Mate,"Csanad,Mate",,
1568,Tieulent,Raphael,"Tieulent,Raphael",,2013-12-10 15:30:15.960567
701,Kim,EotherJother,"Kim,E.J.",,
238,Tydesjo,Henrik,"Tydesjo,Henrik",,
1569,Terasaki,Kohei,"Terasaki,Kohei",,2014-01-07 09:08:06.257066
289,Muehlbacher,Frank,"Muehlbacher,Frank",,
1570,Ramson,Bryan,"Ramson,Bryan",,2014-01-09 17:13:49.038974
1201,Osterman,Lennart,"Osterman,Lennart","",
448,Kral,Antonin,"Kral,Antonin",,
998,Kiss,Adam,"Kiss,Adam",,
1571,Murakami,Hikari,"Murakami,Hikari",,2014-01-22 07:58:04.063618
568,Tarjan,Peter,"Tarjan,Peter",,
875,Kral,Jiri,"Kral,Jiri",,
583,Vertesi,Robert,"Vertesi,Robert",,
1626,Kudo,Sakiko,"Kudo,Sakiko",,2015-04-15 02:28:40.36236
1627,Fukuda,Yusuke,"Fukuda,Yusuke",,2015-04-15 02:32:22.742754
1572,Kimelman,Benjamin,"Kimelman,Benjamin",,2014-01-23 17:23:34.251368
1573,Blatnik,Marie,"Blatnik,Marie",,2014-01-26 16:47:50.047364
1628,Byrd,Reuben,"Byrd,Reuben",,2015-04-15 15:27:54.816855
1629,Lokos,Sandor,"Lokos,Sandor",,2015-05-06 02:00:25.270203
1574,Yoo,Jaehee,"Yoo,Jaehee",,2014-02-04 07:26:22.797199
1567,Yukawa,Kentaro,"Yukawa,Kentaro",,2013-12-07 09:48:40.86246
1575,Kim,Jeongho,"Kim,Jeongho",,2014-02-10 15:26:42.336923
1576,Park,JinHun,"Park,JinHun",,2014-02-10 15:29:06.943565
1577,Yamamoto,Hiroki,"Yamamoto,Hiroki",,2014-02-11 11:02:25.218436
1578,Diss,Paul,"Diss,Paul",,2014-02-28 17:15:06.256392
1630,Xu,Qiao,"Xu,Qiao",,2015-05-07 16:44:13.54412
1579,Kinces,Daniel,"Kinces,Daniel",,2014-03-06 08:19:36.695134
1580,Huo,Peng,"Huo,Peng",,2014-03-06 09:06:26.355106
1631,Harman,Cates,"Harman,Cates",,2015-05-13 23:07:26.556109
1632,Soltesz,Doug,"Soltesz,Doug",,2015-05-13 23:09:03.959249
1633,Pun,Abinash,"Pun,Abinash",,2015-06-19 12:20:44.598381
1581,Ujvari,Balazs,"Ujvari,Balazs",,2014-03-13 13:20:19.53461
1634,Zhao,Yuxiang,"Zhao,Yuxiang",,2015-07-13 12:17:02.43545
1675,Kotler,Julia,"Kotler,Julia",,2016-06-12 01:15:24.681244
1676,Press,Carly,"Press,Carly",,2016-06-12 01:19:39.889282
1677,Bownes,Emma,"Bownes,Emma",,2016-06-12 01:25:37.88454
1686,Tornetta,Kelly,"Tornetta,Kelly",,2017-05-10 14:20:12.348683
1687,Morash,Richard,"Morash,Richard",,2017-05-10 14:23:16.531984
1688,Bene,Charles,"Bene,Charles",,2017-05-10 14:26:19.590412
1678,Vazquez-Carson,Sebastian,"Vazquez-Carson,Sebastian",,2016-09-27 18:54:57.576393
1679,Yin,Pengqi,"Yin,Pengqi",,2016-09-27 19:34:58.739714
1689,Crawford,Travis,"Crawford,Travis",,2017-05-10 14:35:06.516814
1645,Zharko,Sergei,"Zharko,Sergei",,2015-12-18 00:23:01.172256
1690,Kasle,Lucas,"Kasle,Lucas",,2017-05-10 14:37:01.834167
1680,Radzevich,Pavel,"Radzevich,Pavel",,2016-12-02 04:45:35.845944
1691,Zhai,Michelle,"Zhai,Michelle",,2017-06-12 21:07:37.756871
1692,Zhai,Yunxiao,"Zhai,Yunxiao",,2017-06-12 21:19:30.141974
1681,Masuda,Hidekazu,"Masuda,Hidekazu",,2017-01-05 12:48:00.42232
1693,Sun,Zhandong,"Sun,Zhandong",,2017-07-14 20:04:03.234804
1694,Wong,Cheuk-Ping,"Wong,Cheuk-Ping",,2017-08-11 15:52:30.274078
1668,Bagoly,Attila,"Bagoly,Attila",,2016-05-10 15:33:12.248708
1682,Hodges,Anthony,"Hodges,Anthony",,2017-01-18 13:49:26.368618
1695,Kurgyis,Bálint,"Kurgyis,Bálint",,2017-09-18 06:21:06.136787
1696,Báskay,János,"Báskay,János",,2017-09-25 05:16:05.936339
1697,Jyoti,Divya,"Jyoti,Divya",,2017-10-24 10:28:01.612804
1698,Mitrankov,Iurii,"Mitrankov,Iurii",,2018-04-13 09:43:34.902349
1699,Nishitani,Risa,"Nishitani,Risa",,2018-06-19 01:24:44.447722
1700,Suzuki,Ayaka,"Suzuki,Ayaka",,2018-07-26 04:48:32.385951
1701,Gamez,Enrique,"Gamez,Enrique",,2018-07-26 13:14:07.656056
1724,Ligeti,Gabor,"Ligeti,Gabor",,2020-03-09 05:59:30.317188
1725,Nukazuka,Genki,"Nukazuka,Genki",,2020-04-21 01:42:13.884612
1726,Ali,Saif,"Ali,Saif",,2020-05-11 14:26:43.191052
1727,Ligeti,Gábor,"Ligeti,Gábor",,2020-07-18 03:33:23.991973
1702,Ishimaru,Sakurako,"Ishimaru,Sakurako",,2018-09-21 01:55:41.384579
1703,Ren,Yuanjie,"Ren,Yuanjie",,2018-10-29 10:26:22.381715
1728,Kingan,Arun,"Kingan,Arun",,2020-08-06 10:48:35.595655
1729,Giles,Michael,"Giles,Michael",,2020-08-07 14:21:36.249613
1704,Mulilo,Benard,"Mulilo,Benard",,2018-11-10 06:44:31.268585
1705,Nelson,Stacyann,"Nelson,Stacyann",,2018-12-20 13:38:25.674929
1706,Scarlett,Carol,"Scarlett,Carol",,2018-12-20 13:39:27.849417
1707,Fitzgerald,Dillon,"Fitzgerald,Dillon",,2019-02-24 17:48:45.668761
1708,Ramasubramanian,Niveditha,"Ramasubramanian,Niveditha",,2019-02-25 12:35:36.198855
1709,Larionova,Mariia,"Larionova,Mariia",,2019-03-01 03:48:51.686256
1710,Larionova,Daria,"Larionova,Daria",,2019-03-01 03:50:13.707589
1711,Borisov,Vladislav,"Borisov,Vladislav",,2019-03-19 14:58:52.412356
1712,Esha,Roli,"Esha,Roli",,2019-05-09 17:06:42.314014
1713,Khatiwada,Ajeeta,"Khatiwada,Ajeeta",,2019-05-13 13:01:26.180558
1714,Sun,Xu,"Sun,Xu",,2019-05-14 11:30:15.657415
1715,Blankenship,Brandon,"Blankenship,Brandon",,2019-05-20 14:56:17.258722
1716,Acharya,Uttam,"Acharya,Uttam",,2019-05-24 09:28:37.590657
1717,Bichon,Luis,"Bichon,Luis",,2019-05-25 11:57:41.999244
1718,Ram,Niveditha,"Ram,Niveditha",,2019-05-26 16:22:40.268007
1719,Sultanov,Malik,"Sultanov,Malik",,2019-05-28 10:01:31.879788
1720,Firak,Daniel,"Firak,Daniel",,2019-05-29 14:01:49.748921
1721,Wu,Yang,"Wu,Yang",,2019-08-08 10:06:41.410945
1722,Mondal,MrigankaMouli,"Mondal,MrigankaMouli",,2019-11-11 10:13:01.581998
1723,Potekhin,Maxim,"Potekhin,Maxim",,2020-02-12 16:53:05.453192
